2026-05-18 10:34:23.956 +03:00 [WRN] No store type was specified for the decimal property 'Budget' on entity type 'Campaigns'. This will cause values to be silently truncated if they do not fit in the default precision and scale. Explicitly specify the SQL server column type that can accommodate all the values in 'OnModelCreating' using 'HasColumnType', specify precision and scale using 'HasPrecision', or configure a value converter using 'HasConversion'.
2026-05-18 10:34:24.040 +03:00 [WRN] No store type was specified for the decimal property 'DailyBudget' on entity type 'Campaigns'. This will cause values to be silently truncated if they do not fit in the default precision and scale. Explicitly specify the SQL server column type that can accommodate all the values in 'OnModelCreating' using 'HasColumnType', specify precision and scale using 'HasPrecision', or configure a value converter using 'HasConversion'.
2026-05-18 10:34:24.044 +03:00 [WRN] No store type was specified for the decimal property 'Price' on entity type 'Contract'. This will cause values to be silently truncated if they do not fit in the default precision and scale. Explicitly specify the SQL server column type that can accommodate all the values in 'OnModelCreating' using 'HasColumnType', specify precision and scale using 'HasPrecision', or configure a value converter using 'HasConversion'.
2026-05-18 10:34:24.046 +03:00 [WRN] No store type was specified for the decimal property 'Value' on entity type 'Deal'. This will cause values to be silently truncated if they do not fit in the default precision and scale. Explicitly specify the SQL server column type that can accommodate all the values in 'OnModelCreating' using 'HasColumnType', specify precision and scale using 'HasPrecision', or configure a value converter using 'HasConversion'.
2026-05-18 10:34:24.049 +03:00 [WRN] No store type was specified for the decimal property 'Discount' on entity type 'PriceQuotation'. This will cause values to be silently truncated if they do not fit in the default precision and scale. Explicitly specify the SQL server column type that can accommodate all the values in 'OnModelCreating' using 'HasColumnType', specify precision and scale using 'HasPrecision', or configure a value converter using 'HasConversion'.
2026-05-18 10:34:24.052 +03:00 [WRN] No store type was specified for the decimal property 'NetTotal' on entity type 'PriceQuotation'. This will cause values to be silently truncated if they do not fit in the default precision and scale. Explicitly specify the SQL server column type that can accommodate all the values in 'OnModelCreating' using 'HasColumnType', specify precision and scale using 'HasPrecision', or configure a value converter using 'HasConversion'.
2026-05-18 10:34:24.054 +03:00 [WRN] No store type was specified for the decimal property 'SubTotal' on entity type 'PriceQuotation'. This will cause values to be silently truncated if they do not fit in the default precision and scale. Explicitly specify the SQL server column type that can accommodate all the values in 'OnModelCreating' using 'HasColumnType', specify precision and scale using 'HasPrecision', or configure a value converter using 'HasConversion'.
2026-05-18 10:34:24.057 +03:00 [WRN] No store type was specified for the decimal property 'TotalPrice' on entity type 'PriceQuotationDetails'. This will cause values to be silently truncated if they do not fit in the default precision and scale. Explicitly specify the SQL server column type that can accommodate all the values in 'OnModelCreating' using 'HasColumnType', specify precision and scale using 'HasPrecision', or configure a value converter using 'HasConversion'.
2026-05-18 10:34:24.059 +03:00 [WRN] No store type was specified for the decimal property 'UnitPrice' on entity type 'PriceQuotationDetails'. This will cause values to be silently truncated if they do not fit in the default precision and scale. Explicitly specify the SQL server column type that can accommodate all the values in 'OnModelCreating' using 'HasColumnType', specify precision and scale using 'HasPrecision', or configure a value converter using 'HasConversion'.
2026-05-18 10:34:31.391 +03:00 [INF] Start installing Hangfire SQL objects...
2026-05-18 10:34:31.871 +03:00 [INF] Hangfire SQL objects installed.
2026-05-18 10:34:32.552 +03:00 [INF] Now listening on: http://localhost:5210
2026-05-18 10:34:32.634 +03:00 [INF] Application started. Press Ctrl+C to shut down.
2026-05-18 10:34:32.639 +03:00 [INF] Hosting environment: Development
2026-05-18 10:34:32.676 +03:00 [INF] Content root path: E:\TheOneCRM\TheOneCRM
2026-05-18 11:39:02.454 +03:00 [WRN] No store type was specified for the decimal property 'Budget' on entity type 'Campaigns'. This will cause values to be silently truncated if they do not fit in the default precision and scale. Explicitly specify the SQL server column type that can accommodate all the values in 'OnModelCreating' using 'HasColumnType', specify precision and scale using 'HasPrecision', or configure a value converter using 'HasConversion'.
2026-05-18 11:39:02.507 +03:00 [WRN] No store type was specified for the decimal property 'DailyBudget' on entity type 'Campaigns'. This will cause values to be silently truncated if they do not fit in the default precision and scale. Explicitly specify the SQL server column type that can accommodate all the values in 'OnModelCreating' using 'HasColumnType', specify precision and scale using 'HasPrecision', or configure a value converter using 'HasConversion'.
2026-05-18 11:39:02.510 +03:00 [WRN] No store type was specified for the decimal property 'Price' on entity type 'Contract'. This will cause values to be silently truncated if they do not fit in the default precision and scale. Explicitly specify the SQL server column type that can accommodate all the values in 'OnModelCreating' using 'HasColumnType', specify precision and scale using 'HasPrecision', or configure a value converter using 'HasConversion'.
2026-05-18 11:39:02.514 +03:00 [WRN] No store type was specified for the decimal property 'Value' on entity type 'Deal'. This will cause values to be silently truncated if they do not fit in the default precision and scale. Explicitly specify the SQL server column type that can accommodate all the values in 'OnModelCreating' using 'HasColumnType', specify precision and scale using 'HasPrecision', or configure a value converter using 'HasConversion'.
2026-05-18 11:39:02.517 +03:00 [WRN] No store type was specified for the decimal property 'Discount' on entity type 'PriceQuotation'. This will cause values to be silently truncated if they do not fit in the default precision and scale. Explicitly specify the SQL server column type that can accommodate all the values in 'OnModelCreating' using 'HasColumnType', specify precision and scale using 'HasPrecision', or configure a value converter using 'HasConversion'.
2026-05-18 11:39:02.520 +03:00 [WRN] No store type was specified for the decimal property 'NetTotal' on entity type 'PriceQuotation'. This will cause values to be silently truncated if they do not fit in the default precision and scale. Explicitly specify the SQL server column type that can accommodate all the values in 'OnModelCreating' using 'HasColumnType', specify precision and scale using 'HasPrecision', or configure a value converter using 'HasConversion'.
2026-05-18 11:39:02.522 +03:00 [WRN] No store type was specified for the decimal property 'SubTotal' on entity type 'PriceQuotation'. This will cause values to be silently truncated if they do not fit in the default precision and scale. Explicitly specify the SQL server column type that can accommodate all the values in 'OnModelCreating' using 'HasColumnType', specify precision and scale using 'HasPrecision', or configure a value converter using 'HasConversion'.
2026-05-18 11:39:02.525 +03:00 [WRN] No store type was specified for the decimal property 'TotalPrice' on entity type 'PriceQuotationDetails'. This will cause values to be silently truncated if they do not fit in the default precision and scale. Explicitly specify the SQL server column type that can accommodate all the values in 'OnModelCreating' using 'HasColumnType', specify precision and scale using 'HasPrecision', or configure a value converter using 'HasConversion'.
2026-05-18 11:39:02.527 +03:00 [WRN] No store type was specified for the decimal property 'UnitPrice' on entity type 'PriceQuotationDetails'. This will cause values to be silently truncated if they do not fit in the default precision and scale. Explicitly specify the SQL server column type that can accommodate all the values in 'OnModelCreating' using 'HasColumnType', specify precision and scale using 'HasPrecision', or configure a value converter using 'HasConversion'.
2026-05-18 11:39:06.831 +03:00 [INF] Start installing Hangfire SQL objects...
2026-05-18 11:39:07.318 +03:00 [INF] Hangfire SQL objects installed.
2026-05-18 11:39:07.994 +03:00 [INF] Now listening on: http://localhost:5210
2026-05-18 11:39:08.096 +03:00 [INF] Application started. Press Ctrl+C to shut down.
2026-05-18 11:39:08.108 +03:00 [INF] Hosting environment: Development
2026-05-18 11:39:08.116 +03:00 [INF] Content root path: E:\TheOneCRM\TheOneCRM
2026-05-18 11:41:20.692 +03:00 [WRN] No store type was specified for the decimal property 'Budget' on entity type 'Campaigns'. This will cause values to be silently truncated if they do not fit in the default precision and scale. Explicitly specify the SQL server column type that can accommodate all the values in 'OnModelCreating' using 'HasColumnType', specify precision and scale using 'HasPrecision', or configure a value converter using 'HasConversion'.
2026-05-18 11:41:20.732 +03:00 [WRN] No store type was specified for the decimal property 'DailyBudget' on entity type 'Campaigns'. This will cause values to be silently truncated if they do not fit in the default precision and scale. Explicitly specify the SQL server column type that can accommodate all the values in 'OnModelCreating' using 'HasColumnType', specify precision and scale using 'HasPrecision', or configure a value converter using 'HasConversion'.
2026-05-18 11:41:20.732 +03:00 [WRN] No store type was specified for the decimal property 'Price' on entity type 'Contract'. This will cause values to be silently truncated if they do not fit in the default precision and scale. Explicitly specify the SQL server column type that can accommodate all the values in 'OnModelCreating' using 'HasColumnType', specify precision and scale using 'HasPrecision', or configure a value converter using 'HasConversion'.
2026-05-18 11:41:20.733 +03:00 [WRN] No store type was specified for the decimal property 'Value' on entity type 'Deal'. This will cause values to be silently truncated if they do not fit in the default precision and scale. Explicitly specify the SQL server column type that can accommodate all the values in 'OnModelCreating' using 'HasColumnType', specify precision and scale using 'HasPrecision', or configure a value converter using 'HasConversion'.
2026-05-18 11:41:20.733 +03:00 [WRN] No store type was specified for the decimal property 'Discount' on entity type 'PriceQuotation'. This will cause values to be silently truncated if they do not fit in the default precision and scale. Explicitly specify the SQL server column type that can accommodate all the values in 'OnModelCreating' using 'HasColumnType', specify precision and scale using 'HasPrecision', or configure a value converter using 'HasConversion'.
2026-05-18 11:41:20.733 +03:00 [WRN] No store type was specified for the decimal property 'NetTotal' on entity type 'PriceQuotation'. This will cause values to be silently truncated if they do not fit in the default precision and scale. Explicitly specify the SQL server column type that can accommodate all the values in 'OnModelCreating' using 'HasColumnType', specify precision and scale using 'HasPrecision', or configure a value converter using 'HasConversion'.
2026-05-18 11:41:20.733 +03:00 [WRN] No store type was specified for the decimal property 'SubTotal' on entity type 'PriceQuotation'. This will cause values to be silently truncated if they do not fit in the default precision and scale. Explicitly specify the SQL server column type that can accommodate all the values in 'OnModelCreating' using 'HasColumnType', specify precision and scale using 'HasPrecision', or configure a value converter using 'HasConversion'.
2026-05-18 11:41:20.733 +03:00 [WRN] No store type was specified for the decimal property 'TotalPrice' on entity type 'PriceQuotationDetails'. This will cause values to be silently truncated if they do not fit in the default precision and scale. Explicitly specify the SQL server column type that can accommodate all the values in 'OnModelCreating' using 'HasColumnType', specify precision and scale using 'HasPrecision', or configure a value converter using 'HasConversion'.
2026-05-18 11:41:20.733 +03:00 [WRN] No store type was specified for the decimal property 'UnitPrice' on entity type 'PriceQuotationDetails'. This will cause values to be silently truncated if they do not fit in the default precision and scale. Explicitly specify the SQL server column type that can accommodate all the values in 'OnModelCreating' using 'HasColumnType', specify precision and scale using 'HasPrecision', or configure a value converter using 'HasConversion'.
2026-05-18 11:41:21.241 +03:00 [WRN] No store type was specified for the decimal property 'Budget' on entity type 'Campaigns'. This will cause values to be silently truncated if they do not fit in the default precision and scale. Explicitly specify the SQL server column type that can accommodate all the values in 'OnModelCreating' using 'HasColumnType', specify precision and scale using 'HasPrecision', or configure a value converter using 'HasConversion'.
2026-05-18 11:41:21.241 +03:00 [WRN] No store type was specified for the decimal property 'DailyBudget' on entity type 'Campaigns'. This will cause values to be silently truncated if they do not fit in the default precision and scale. Explicitly specify the SQL server column type that can accommodate all the values in 'OnModelCreating' using 'HasColumnType', specify precision and scale using 'HasPrecision', or configure a value converter using 'HasConversion'.
2026-05-18 11:41:21.241 +03:00 [WRN] No store type was specified for the decimal property 'Price' on entity type 'Contract'. This will cause values to be silently truncated if they do not fit in the default precision and scale. Explicitly specify the SQL server column type that can accommodate all the values in 'OnModelCreating' using 'HasColumnType', specify precision and scale using 'HasPrecision', or configure a value converter using 'HasConversion'.
2026-05-18 11:41:21.241 +03:00 [WRN] No store type was specified for the decimal property 'Value' on entity type 'Deal'. This will cause values to be silently truncated if they do not fit in the default precision and scale. Explicitly specify the SQL server column type that can accommodate all the values in 'OnModelCreating' using 'HasColumnType', specify precision and scale using 'HasPrecision', or configure a value converter using 'HasConversion'.
2026-05-18 11:41:21.242 +03:00 [WRN] No store type was specified for the decimal property 'Discount' on entity type 'PriceQuotation'. This will cause values to be silently truncated if they do not fit in the default precision and scale. Explicitly specify the SQL server column type that can accommodate all the values in 'OnModelCreating' using 'HasColumnType', specify precision and scale using 'HasPrecision', or configure a value converter using 'HasConversion'.
2026-05-18 11:41:21.242 +03:00 [WRN] No store type was specified for the decimal property 'NetTotal' on entity type 'PriceQuotation'. This will cause values to be silently truncated if they do not fit in the default precision and scale. Explicitly specify the SQL server column type that can accommodate all the values in 'OnModelCreating' using 'HasColumnType', specify precision and scale using 'HasPrecision', or configure a value converter using 'HasConversion'.
2026-05-18 11:41:21.242 +03:00 [WRN] No store type was specified for the decimal property 'SubTotal' on entity type 'PriceQuotation'. This will cause values to be silently truncated if they do not fit in the default precision and scale. Explicitly specify the SQL server column type that can accommodate all the values in 'OnModelCreating' using 'HasColumnType', specify precision and scale using 'HasPrecision', or configure a value converter using 'HasConversion'.
2026-05-18 11:41:21.242 +03:00 [WRN] No store type was specified for the decimal property 'TotalPrice' on entity type 'PriceQuotationDetails'. This will cause values to be silently truncated if they do not fit in the default precision and scale. Explicitly specify the SQL server column type that can accommodate all the values in 'OnModelCreating' using 'HasColumnType', specify precision and scale using 'HasPrecision', or configure a value converter using 'HasConversion'.
2026-05-18 11:41:21.242 +03:00 [WRN] No store type was specified for the decimal property 'UnitPrice' on entity type 'PriceQuotationDetails'. This will cause values to be silently truncated if they do not fit in the default precision and scale. Explicitly specify the SQL server column type that can accommodate all the values in 'OnModelCreating' using 'HasColumnType', specify precision and scale using 'HasPrecision', or configure a value converter using 'HasConversion'.
2026-05-18 11:41:44.066 +03:00 [WRN] No store type was specified for the decimal property 'Budget' on entity type 'Campaigns'. This will cause values to be silently truncated if they do not fit in the default precision and scale. Explicitly specify the SQL server column type that can accommodate all the values in 'OnModelCreating' using 'HasColumnType', specify precision and scale using 'HasPrecision', or configure a value converter using 'HasConversion'.
2026-05-18 11:41:44.108 +03:00 [WRN] No store type was specified for the decimal property 'DailyBudget' on entity type 'Campaigns'. This will cause values to be silently truncated if they do not fit in the default precision and scale. Explicitly specify the SQL server column type that can accommodate all the values in 'OnModelCreating' using 'HasColumnType', specify precision and scale using 'HasPrecision', or configure a value converter using 'HasConversion'.
2026-05-18 11:41:44.109 +03:00 [WRN] No store type was specified for the decimal property 'Price' on entity type 'Contract'. This will cause values to be silently truncated if they do not fit in the default precision and scale. Explicitly specify the SQL server column type that can accommodate all the values in 'OnModelCreating' using 'HasColumnType', specify precision and scale using 'HasPrecision', or configure a value converter using 'HasConversion'.
2026-05-18 11:41:44.109 +03:00 [WRN] No store type was specified for the decimal property 'Value' on entity type 'Deal'. This will cause values to be silently truncated if they do not fit in the default precision and scale. Explicitly specify the SQL server column type that can accommodate all the values in 'OnModelCreating' using 'HasColumnType', specify precision and scale using 'HasPrecision', or configure a value converter using 'HasConversion'.
2026-05-18 11:41:44.109 +03:00 [WRN] No store type was specified for the decimal property 'Discount' on entity type 'PriceQuotation'. This will cause values to be silently truncated if they do not fit in the default precision and scale. Explicitly specify the SQL server column type that can accommodate all the values in 'OnModelCreating' using 'HasColumnType', specify precision and scale using 'HasPrecision', or configure a value converter using 'HasConversion'.
2026-05-18 11:41:44.109 +03:00 [WRN] No store type was specified for the decimal property 'NetTotal' on entity type 'PriceQuotation'. This will cause values to be silently truncated if they do not fit in the default precision and scale. Explicitly specify the SQL server column type that can accommodate all the values in 'OnModelCreating' using 'HasColumnType', specify precision and scale using 'HasPrecision', or configure a value converter using 'HasConversion'.
2026-05-18 11:41:44.109 +03:00 [WRN] No store type was specified for the decimal property 'SubTotal' on entity type 'PriceQuotation'. This will cause values to be silently truncated if they do not fit in the default precision and scale. Explicitly specify the SQL server column type that can accommodate all the values in 'OnModelCreating' using 'HasColumnType', specify precision and scale using 'HasPrecision', or configure a value converter using 'HasConversion'.
2026-05-18 11:41:44.109 +03:00 [WRN] No store type was specified for the decimal property 'TotalPrice' on entity type 'PriceQuotationDetails'. This will cause values to be silently truncated if they do not fit in the default precision and scale. Explicitly specify the SQL server column type that can accommodate all the values in 'OnModelCreating' using 'HasColumnType', specify precision and scale using 'HasPrecision', or configure a value converter using 'HasConversion'.
2026-05-18 11:41:44.109 +03:00 [WRN] No store type was specified for the decimal property 'UnitPrice' on entity type 'PriceQuotationDetails'. This will cause values to be silently truncated if they do not fit in the default precision and scale. Explicitly specify the SQL server column type that can accommodate all the values in 'OnModelCreating' using 'HasColumnType', specify precision and scale using 'HasPrecision', or configure a value converter using 'HasConversion'.
2026-05-18 11:42:07.099 +03:00 [WRN] No store type was specified for the decimal property 'Budget' on entity type 'Campaigns'. This will cause values to be silently truncated if they do not fit in the default precision and scale. Explicitly specify the SQL server column type that can accommodate all the values in 'OnModelCreating' using 'HasColumnType', specify precision and scale using 'HasPrecision', or configure a value converter using 'HasConversion'.
2026-05-18 11:42:07.227 +03:00 [WRN] No store type was specified for the decimal property 'DailyBudget' on entity type 'Campaigns'. This will cause values to be silently truncated if they do not fit in the default precision and scale. Explicitly specify the SQL server column type that can accommodate all the values in 'OnModelCreating' using 'HasColumnType', specify precision and scale using 'HasPrecision', or configure a value converter using 'HasConversion'.
2026-05-18 11:42:07.235 +03:00 [WRN] No store type was specified for the decimal property 'Price' on entity type 'Contract'. This will cause values to be silently truncated if they do not fit in the default precision and scale. Explicitly specify the SQL server column type that can accommodate all the values in 'OnModelCreating' using 'HasColumnType', specify precision and scale using 'HasPrecision', or configure a value converter using 'HasConversion'.
2026-05-18 11:42:07.241 +03:00 [WRN] No store type was specified for the decimal property 'Value' on entity type 'Deal'. This will cause values to be silently truncated if they do not fit in the default precision and scale. Explicitly specify the SQL server column type that can accommodate all the values in 'OnModelCreating' using 'HasColumnType', specify precision and scale using 'HasPrecision', or configure a value converter using 'HasConversion'.
2026-05-18 11:42:07.244 +03:00 [WRN] No store type was specified for the decimal property 'Discount' on entity type 'PriceQuotation'. This will cause values to be silently truncated if they do not fit in the default precision and scale. Explicitly specify the SQL server column type that can accommodate all the values in 'OnModelCreating' using 'HasColumnType', specify precision and scale using 'HasPrecision', or configure a value converter using 'HasConversion'.
2026-05-18 11:42:07.248 +03:00 [WRN] No store type was specified for the decimal property 'NetTotal' on entity type 'PriceQuotation'. This will cause values to be silently truncated if they do not fit in the default precision and scale. Explicitly specify the SQL server column type that can accommodate all the values in 'OnModelCreating' using 'HasColumnType', specify precision and scale using 'HasPrecision', or configure a value converter using 'HasConversion'.
2026-05-18 11:42:07.254 +03:00 [WRN] No store type was specified for the decimal property 'SubTotal' on entity type 'PriceQuotation'. This will cause values to be silently truncated if they do not fit in the default precision and scale. Explicitly specify the SQL server column type that can accommodate all the values in 'OnModelCreating' using 'HasColumnType', specify precision and scale using 'HasPrecision', or configure a value converter using 'HasConversion'.
2026-05-18 11:42:07.257 +03:00 [WRN] No store type was specified for the decimal property 'TotalPrice' on entity type 'PriceQuotationDetails'. This will cause values to be silently truncated if they do not fit in the default precision and scale. Explicitly specify the SQL server column type that can accommodate all the values in 'OnModelCreating' using 'HasColumnType', specify precision and scale using 'HasPrecision', or configure a value converter using 'HasConversion'.
2026-05-18 11:42:07.259 +03:00 [WRN] No store type was specified for the decimal property 'UnitPrice' on entity type 'PriceQuotationDetails'. This will cause values to be silently truncated if they do not fit in the default precision and scale. Explicitly specify the SQL server column type that can accommodate all the values in 'OnModelCreating' using 'HasColumnType', specify precision and scale using 'HasPrecision', or configure a value converter using 'HasConversion'.
2026-05-18 11:42:11.351 +03:00 [INF] Start installing Hangfire SQL objects...
2026-05-18 11:42:11.684 +03:00 [INF] Hangfire SQL objects installed.
2026-05-18 11:42:12.990 +03:00 [INF] Now listening on: http://localhost:5210
2026-05-18 11:42:13.257 +03:00 [INF] Application started. Press Ctrl+C to shut down.
2026-05-18 11:42:13.259 +03:00 [INF] Hosting environment: Development
2026-05-18 11:42:13.261 +03:00 [INF] Content root path: E:\TheOneCRM\TheOneCRM
2026-05-18 11:44:02.326 +03:00 [WRN] Failed to determine the https port for redirect.
2026-05-18 11:46:49.051 +03:00 [ERR] An error occurred while processing the request.
System.InvalidOperationException: تاريخ النهاية لازم يكون بعد تاريخ البداية
   at TheOneCRM.Application.Services.AppointmentS.AppointmentService.CreateAppointmentAsync(CreateAppointmentDto dto, String createdByUserId) in E:\TheOneCRM\TheOneCRM.Application\Services\AppointmentS\AppointmentService.cs:line 32
   at TheOneCRM.API.Controllers.AppointmentsController.CreateAppointment(CreateAppointmentDto dto) in E:\TheOneCRM\TheOneCRM\Controllers\AppointmentsController.cs:line 31
   at Microsoft.AspNetCore.Mvc.Infrastructure.ActionMethodExecutor.TaskOfIActionResultExecutor.Execute(ActionContext actionContext, IActionResultTypeMapper mapper, ObjectMethodExecutor executor, Object controller, Object[] arguments)
   at Microsoft.AspNetCore.Mvc.Infrastructure.ControllerActionInvoker.<InvokeActionMethodAsync>g__Awaited|12_0(ControllerActionInvoker invoker, ValueTask`1 actionResultValueTask)
   at Microsoft.AspNetCore.Mvc.Infrastructure.ControllerActionInvoker.<InvokeNextActionFilterAsync>g__Awaited|10_0(ControllerActionInvoker invoker, Task lastTask, State next, Scope scope, Object state, Boolean isCompleted)
   at Microsoft.AspNetCore.Mvc.Infrastructure.ControllerActionInvoker.Rethrow(ActionExecutedContextSealed context)
   at Microsoft.AspNetCore.Mvc.Infrastructure.ControllerActionInvoker.Next(State& next, Scope& scope, Object& state, Boolean& isCompleted)
   at Microsoft.AspNetCore.Mvc.Infrastructure.ControllerActionInvoker.InvokeInnerFilterAsync()
--- End of stack trace from previous location ---
   at Microsoft.AspNetCore.Mvc.Infrastructure.ResourceInvoker.<InvokeFilterPipelineAsync>g__Awaited|20_0(ResourceInvoker invoker, Task lastTask, State next, Scope scope, Object state, Boolean isCompleted)
   at Microsoft.AspNetCore.Mvc.Infrastructure.ResourceInvoker.<InvokeAsync>g__Awaited|17_0(ResourceInvoker invoker, Task task, IDisposable scope)
   at Microsoft.AspNetCore.Mvc.Infrastructure.ResourceInvoker.<InvokeAsync>g__Awaited|17_0(ResourceInvoker invoker, Task task, IDisposable scope)
   at Microsoft.AspNetCore.Authorization.AuthorizationMiddleware.Invoke(HttpContext context)
   at Microsoft.AspNetCore.Authentication.AuthenticationMiddleware.Invoke(HttpContext context)
   at TheOneCRM.API.Middlewares.ExceptionMiddleware.InvokeAsync(HttpContext context) in E:\TheOneCRM\TheOneCRM\Middlewares\ExceptionMiddleware.cs:line 33
2026-05-18 11:48:13.637 +03:00 [ERR] An exception occurred in the database while saving changes for context type 'TheOneCRM.Infrastructure.Data.AppDbContext'.
Microsoft.EntityFrameworkCore.DbUpdateException: An error occurred while saving the entity changes. See the inner exception for details.
 ---> Microsoft.Data.SqlClient.SqlException (0x80131904): Cannot insert the value NULL into column 'AssignedToId', table 'db49588.dbo.Appointments'; column does not allow nulls. INSERT fails.
   at Microsoft.Data.SqlClient.SqlConnection.OnError(SqlException exception, Boolean breakConnection, Action`1 wrapCloseInAction)
   at Microsoft.Data.SqlClient.SqlInternalConnection.OnError(SqlException exception, Boolean breakConnection, Action`1 wrapCloseInAction)
   at Microsoft.Data.SqlClient.TdsParser.ThrowExceptionAndWarning(TdsParserStateObject stateObj, Boolean callerHasConnectionLock, Boolean asyncClose)
   at Microsoft.Data.SqlClient.TdsParser.TryRun(RunBehavior runBehavior, SqlCommand cmdHandler, SqlDataReader dataStream, BulkCopySimpleResultSet bulkCopyHandler, TdsParserStateObject stateObj, Boolean& dataReady)
   at Microsoft.Data.SqlClient.SqlDataReader.TryHasMoreRows(Boolean& moreRows)
   at Microsoft.Data.SqlClient.SqlDataReader.TryReadInternal(Boolean setTimeout, Boolean& more)
   at Microsoft.Data.SqlClient.SqlDataReader.ReadAsyncExecute(Task task, Object state)
   at Microsoft.Data.SqlClient.SqlDataReader.InvokeAsyncCall[T](SqlDataReaderBaseAsyncCallContext`1 context)
--- End of stack trace from previous location ---
   at Microsoft.EntityFrameworkCore.Update.AffectedCountModificationCommandBatch.ConsumeResultSetAsync(Int32 startCommandIndex, RelationalDataReader reader, CancellationToken cancellationToken)
ClientConnectionId:4d61809c-d89e-493d-b17a-4dcc4e63cf97
Error Number:515,State:2,Class:16
   --- End of inner exception stack trace ---
   at Microsoft.EntityFrameworkCore.Update.AffectedCountModificationCommandBatch.ConsumeResultSetAsync(Int32 startCommandIndex, RelationalDataReader reader, CancellationToken cancellationToken)
   at Microsoft.EntityFrameworkCore.Update.AffectedCountModificationCommandBatch.ConsumeAsync(RelationalDataReader reader, CancellationToken cancellationToken)
   at Microsoft.EntityFrameworkCore.Update.ReaderModificationCommandBatch.ExecuteAsync(IRelationalConnection connection, CancellationToken cancellationToken)
   at Microsoft.EntityFrameworkCore.Update.ReaderModificationCommandBatch.ExecuteAsync(IRelationalConnection connection, CancellationToken cancellationToken)
   at Microsoft.EntityFrameworkCore.SqlServer.Update.Internal.SqlServerModificationCommandBatch.ExecuteAsync(IRelationalConnection connection, CancellationToken cancellationToken)
   at Microsoft.EntityFrameworkCore.Update.Internal.BatchExecutor.ExecuteAsync(IEnumerable`1 commandBatches, IRelationalConnection connection, CancellationToken cancellationToken)
   at Microsoft.EntityFrameworkCore.Update.Internal.BatchExecutor.ExecuteAsync(IEnumerable`1 commandBatches, IRelationalConnection connection, CancellationToken cancellationToken)
   at Microsoft.EntityFrameworkCore.Update.Internal.BatchExecutor.ExecuteAsync(IEnumerable`1 commandBatches, IRelationalConnection connection, CancellationToken cancellationToken)
   at Microsoft.EntityFrameworkCore.ChangeTracking.Internal.StateManager.SaveChangesAsync(IList`1 entriesToSave, CancellationToken cancellationToken)
   at Microsoft.EntityFrameworkCore.ChangeTracking.Internal.StateManager.SaveChangesAsync(StateManager stateManager, Boolean acceptAllChangesOnSuccess, CancellationToken cancellationToken)
   at Microsoft.EntityFrameworkCore.SqlServer.Storage.Internal.SqlServerExecutionStrategy.ExecuteAsync[TState,TResult](TState state, Func`4 operation, Func`4 verifySucceeded, CancellationToken cancellationToken)
   at Microsoft.EntityFrameworkCore.DbContext.SaveChangesAsync(Boolean acceptAllChangesOnSuccess, CancellationToken cancellationToken)
Microsoft.EntityFrameworkCore.DbUpdateException: An error occurred while saving the entity changes. See the inner exception for details.
 ---> Microsoft.Data.SqlClient.SqlException (0x80131904): Cannot insert the value NULL into column 'AssignedToId', table 'db49588.dbo.Appointments'; column does not allow nulls. INSERT fails.
   at Microsoft.Data.SqlClient.SqlConnection.OnError(SqlException exception, Boolean breakConnection, Action`1 wrapCloseInAction)
   at Microsoft.Data.SqlClient.SqlInternalConnection.OnError(SqlException exception, Boolean breakConnection, Action`1 wrapCloseInAction)
   at Microsoft.Data.SqlClient.TdsParser.ThrowExceptionAndWarning(TdsParserStateObject stateObj, Boolean callerHasConnectionLock, Boolean asyncClose)
   at Microsoft.Data.SqlClient.TdsParser.TryRun(RunBehavior runBehavior, SqlCommand cmdHandler, SqlDataReader dataStream, BulkCopySimpleResultSet bulkCopyHandler, TdsParserStateObject stateObj, Boolean& dataReady)
   at Microsoft.Data.SqlClient.SqlDataReader.TryHasMoreRows(Boolean& moreRows)
   at Microsoft.Data.SqlClient.SqlDataReader.TryReadInternal(Boolean setTimeout, Boolean& more)
   at Microsoft.Data.SqlClient.SqlDataReader.ReadAsyncExecute(Task task, Object state)
   at Microsoft.Data.SqlClient.SqlDataReader.InvokeAsyncCall[T](SqlDataReaderBaseAsyncCallContext`1 context)
--- End of stack trace from previous location ---
   at Microsoft.EntityFrameworkCore.Update.AffectedCountModificationCommandBatch.ConsumeResultSetAsync(Int32 startCommandIndex, RelationalDataReader reader, CancellationToken cancellationToken)
ClientConnectionId:4d61809c-d89e-493d-b17a-4dcc4e63cf97
Error Number:515,State:2,Class:16
   --- End of inner exception stack trace ---
   at Microsoft.EntityFrameworkCore.Update.AffectedCountModificationCommandBatch.ConsumeResultSetAsync(Int32 startCommandIndex, RelationalDataReader reader, CancellationToken cancellationToken)
   at Microsoft.EntityFrameworkCore.Update.AffectedCountModificationCommandBatch.ConsumeAsync(RelationalDataReader reader, CancellationToken cancellationToken)
   at Microsoft.EntityFrameworkCore.Update.ReaderModificationCommandBatch.ExecuteAsync(IRelationalConnection connection, CancellationToken cancellationToken)
   at Microsoft.EntityFrameworkCore.Update.ReaderModificationCommandBatch.ExecuteAsync(IRelationalConnection connection, CancellationToken cancellationToken)
   at Microsoft.EntityFrameworkCore.SqlServer.Update.Internal.SqlServerModificationCommandBatch.ExecuteAsync(IRelationalConnection connection, CancellationToken cancellationToken)
   at Microsoft.EntityFrameworkCore.Update.Internal.BatchExecutor.ExecuteAsync(IEnumerable`1 commandBatches, IRelationalConnection connection, CancellationToken cancellationToken)
   at Microsoft.EntityFrameworkCore.Update.Internal.BatchExecutor.ExecuteAsync(IEnumerable`1 commandBatches, IRelationalConnection connection, CancellationToken cancellationToken)
   at Microsoft.EntityFrameworkCore.Update.Internal.BatchExecutor.ExecuteAsync(IEnumerable`1 commandBatches, IRelationalConnection connection, CancellationToken cancellationToken)
   at Microsoft.EntityFrameworkCore.ChangeTracking.Internal.StateManager.SaveChangesAsync(IList`1 entriesToSave, CancellationToken cancellationToken)
   at Microsoft.EntityFrameworkCore.ChangeTracking.Internal.StateManager.SaveChangesAsync(StateManager stateManager, Boolean acceptAllChangesOnSuccess, CancellationToken cancellationToken)
   at Microsoft.EntityFrameworkCore.SqlServer.Storage.Internal.SqlServerExecutionStrategy.ExecuteAsync[TState,TResult](TState state, Func`4 operation, Func`4 verifySucceeded, CancellationToken cancellationToken)
   at Microsoft.EntityFrameworkCore.DbContext.SaveChangesAsync(Boolean acceptAllChangesOnSuccess, CancellationToken cancellationToken)
2026-05-18 11:48:14.218 +03:00 [ERR] An error occurred while processing the request.
Microsoft.EntityFrameworkCore.DbUpdateException: An error occurred while saving the entity changes. See the inner exception for details.
 ---> Microsoft.Data.SqlClient.SqlException (0x80131904): Cannot insert the value NULL into column 'AssignedToId', table 'db49588.dbo.Appointments'; column does not allow nulls. INSERT fails.
   at Microsoft.Data.SqlClient.SqlConnection.OnError(SqlException exception, Boolean breakConnection, Action`1 wrapCloseInAction)
   at Microsoft.Data.SqlClient.SqlInternalConnection.OnError(SqlException exception, Boolean breakConnection, Action`1 wrapCloseInAction)
   at Microsoft.Data.SqlClient.TdsParser.ThrowExceptionAndWarning(TdsParserStateObject stateObj, Boolean callerHasConnectionLock, Boolean asyncClose)
   at Microsoft.Data.SqlClient.TdsParser.TryRun(RunBehavior runBehavior, SqlCommand cmdHandler, SqlDataReader dataStream, BulkCopySimpleResultSet bulkCopyHandler, TdsParserStateObject stateObj, Boolean& dataReady)
   at Microsoft.Data.SqlClient.SqlDataReader.TryHasMoreRows(Boolean& moreRows)
   at Microsoft.Data.SqlClient.SqlDataReader.TryReadInternal(Boolean setTimeout, Boolean& more)
   at Microsoft.Data.SqlClient.SqlDataReader.ReadAsyncExecute(Task task, Object state)
   at Microsoft.Data.SqlClient.SqlDataReader.InvokeAsyncCall[T](SqlDataReaderBaseAsyncCallContext`1 context)
--- End of stack trace from previous location ---
   at Microsoft.EntityFrameworkCore.Update.AffectedCountModificationCommandBatch.ConsumeResultSetAsync(Int32 startCommandIndex, RelationalDataReader reader, CancellationToken cancellationToken)
ClientConnectionId:4d61809c-d89e-493d-b17a-4dcc4e63cf97
Error Number:515,State:2,Class:16
   --- End of inner exception stack trace ---
   at Microsoft.EntityFrameworkCore.Update.AffectedCountModificationCommandBatch.ConsumeResultSetAsync(Int32 startCommandIndex, RelationalDataReader reader, CancellationToken cancellationToken)
   at Microsoft.EntityFrameworkCore.Update.AffectedCountModificationCommandBatch.ConsumeAsync(RelationalDataReader reader, CancellationToken cancellationToken)
   at Microsoft.EntityFrameworkCore.Update.ReaderModificationCommandBatch.ExecuteAsync(IRelationalConnection connection, CancellationToken cancellationToken)
   at Microsoft.EntityFrameworkCore.Update.ReaderModificationCommandBatch.ExecuteAsync(IRelationalConnection connection, CancellationToken cancellationToken)
   at Microsoft.EntityFrameworkCore.SqlServer.Update.Internal.SqlServerModificationCommandBatch.ExecuteAsync(IRelationalConnection connection, CancellationToken cancellationToken)
   at Microsoft.EntityFrameworkCore.Update.Internal.BatchExecutor.ExecuteAsync(IEnumerable`1 commandBatches, IRelationalConnection connection, CancellationToken cancellationToken)
   at Microsoft.EntityFrameworkCore.Update.Internal.BatchExecutor.ExecuteAsync(IEnumerable`1 commandBatches, IRelationalConnection connection, CancellationToken cancellationToken)
   at Microsoft.EntityFrameworkCore.Update.Internal.BatchExecutor.ExecuteAsync(IEnumerable`1 commandBatches, IRelationalConnection connection, CancellationToken cancellationToken)
   at Microsoft.EntityFrameworkCore.ChangeTracking.Internal.StateManager.SaveChangesAsync(IList`1 entriesToSave, CancellationToken cancellationToken)
   at Microsoft.EntityFrameworkCore.ChangeTracking.Internal.StateManager.SaveChangesAsync(StateManager stateManager, Boolean acceptAllChangesOnSuccess, CancellationToken cancellationToken)
   at Microsoft.EntityFrameworkCore.SqlServer.Storage.Internal.SqlServerExecutionStrategy.ExecuteAsync[TState,TResult](TState state, Func`4 operation, Func`4 verifySucceeded, CancellationToken cancellationToken)
   at Microsoft.EntityFrameworkCore.DbContext.SaveChangesAsync(Boolean acceptAllChangesOnSuccess, CancellationToken cancellationToken)
   at Microsoft.EntityFrameworkCore.DbContext.SaveChangesAsync(Boolean acceptAllChangesOnSuccess, CancellationToken cancellationToken)
   at TheOneCRM.Infrastructure.Migrations.UnitOfWork.SaveChangesAsync() in E:\TheOneCRM\TheOneCRM.Infrastructure\Repositories\UnitOfWork.cs:line 57
   at TheOneCRM.Application.Services.AppointmentS.AppointmentService.CreateAppointmentAsync(CreateAppointmentDto dto, String createdByUserId) in E:\TheOneCRM\TheOneCRM.Application\Services\AppointmentS\AppointmentService.cs:line 48
   at TheOneCRM.API.Controllers.AppointmentsController.CreateAppointment(CreateAppointmentDto dto) in E:\TheOneCRM\TheOneCRM\Controllers\AppointmentsController.cs:line 31
   at Microsoft.AspNetCore.Mvc.Infrastructure.ActionMethodExecutor.TaskOfIActionResultExecutor.Execute(ActionContext actionContext, IActionResultTypeMapper mapper, ObjectMethodExecutor executor, Object controller, Object[] arguments)
   at Microsoft.AspNetCore.Mvc.Infrastructure.ControllerActionInvoker.<InvokeActionMethodAsync>g__Awaited|12_0(ControllerActionInvoker invoker, ValueTask`1 actionResultValueTask)
   at Microsoft.AspNetCore.Mvc.Infrastructure.ControllerActionInvoker.<InvokeNextActionFilterAsync>g__Awaited|10_0(ControllerActionInvoker invoker, Task lastTask, State next, Scope scope, Object state, Boolean isCompleted)
   at Microsoft.AspNetCore.Mvc.Infrastructure.ControllerActionInvoker.Rethrow(ActionExecutedContextSealed context)
   at Microsoft.AspNetCore.Mvc.Infrastructure.ControllerActionInvoker.Next(State& next, Scope& scope, Object& state, Boolean& isCompleted)
   at Microsoft.AspNetCore.Mvc.Infrastructure.ControllerActionInvoker.<InvokeInnerFilterAsync>g__Awaited|13_0(ControllerActionInvoker invoker, Task lastTask, State next, Scope scope, Object state, Boolean isCompleted)
   at Microsoft.AspNetCore.Mvc.Infrastructure.ResourceInvoker.<InvokeFilterPipelineAsync>g__Awaited|20_0(ResourceInvoker invoker, Task lastTask, State next, Scope scope, Object state, Boolean isCompleted)
   at Microsoft.AspNetCore.Mvc.Infrastructure.ResourceInvoker.<InvokeAsync>g__Awaited|17_0(ResourceInvoker invoker, Task task, IDisposable scope)
   at Microsoft.AspNetCore.Mvc.Infrastructure.ResourceInvoker.<InvokeAsync>g__Awaited|17_0(ResourceInvoker invoker, Task task, IDisposable scope)
   at Microsoft.AspNetCore.Authorization.AuthorizationMiddleware.Invoke(HttpContext context)
   at Microsoft.AspNetCore.Authentication.AuthenticationMiddleware.Invoke(HttpContext context)
   at TheOneCRM.API.Middlewares.ExceptionMiddleware.InvokeAsync(HttpContext context) in E:\TheOneCRM\TheOneCRM\Middlewares\ExceptionMiddleware.cs:line 33
2026-05-18 11:49:55.675 +03:00 [WRN] No store type was specified for the decimal property 'Budget' on entity type 'Campaigns'. This will cause values to be silently truncated if they do not fit in the default precision and scale. Explicitly specify the SQL server column type that can accommodate all the values in 'OnModelCreating' using 'HasColumnType', specify precision and scale using 'HasPrecision', or configure a value converter using 'HasConversion'.
2026-05-18 11:49:55.727 +03:00 [WRN] No store type was specified for the decimal property 'DailyBudget' on entity type 'Campaigns'. This will cause values to be silently truncated if they do not fit in the default precision and scale. Explicitly specify the SQL server column type that can accommodate all the values in 'OnModelCreating' using 'HasColumnType', specify precision and scale using 'HasPrecision', or configure a value converter using 'HasConversion'.
2026-05-18 11:49:55.730 +03:00 [WRN] No store type was specified for the decimal property 'Price' on entity type 'Contract'. This will cause values to be silently truncated if they do not fit in the default precision and scale. Explicitly specify the SQL server column type that can accommodate all the values in 'OnModelCreating' using 'HasColumnType', specify precision and scale using 'HasPrecision', or configure a value converter using 'HasConversion'.
2026-05-18 11:49:55.735 +03:00 [WRN] No store type was specified for the decimal property 'Value' on entity type 'Deal'. This will cause values to be silently truncated if they do not fit in the default precision and scale. Explicitly specify the SQL server column type that can accommodate all the values in 'OnModelCreating' using 'HasColumnType', specify precision and scale using 'HasPrecision', or configure a value converter using 'HasConversion'.
2026-05-18 11:49:55.738 +03:00 [WRN] No store type was specified for the decimal property 'Discount' on entity type 'PriceQuotation'. This will cause values to be silently truncated if they do not fit in the default precision and scale. Explicitly specify the SQL server column type that can accommodate all the values in 'OnModelCreating' using 'HasColumnType', specify precision and scale using 'HasPrecision', or configure a value converter using 'HasConversion'.
2026-05-18 11:49:55.740 +03:00 [WRN] No store type was specified for the decimal property 'NetTotal' on entity type 'PriceQuotation'. This will cause values to be silently truncated if they do not fit in the default precision and scale. Explicitly specify the SQL server column type that can accommodate all the values in 'OnModelCreating' using 'HasColumnType', specify precision and scale using 'HasPrecision', or configure a value converter using 'HasConversion'.
2026-05-18 11:49:55.742 +03:00 [WRN] No store type was specified for the decimal property 'SubTotal' on entity type 'PriceQuotation'. This will cause values to be silently truncated if they do not fit in the default precision and scale. Explicitly specify the SQL server column type that can accommodate all the values in 'OnModelCreating' using 'HasColumnType', specify precision and scale using 'HasPrecision', or configure a value converter using 'HasConversion'.
2026-05-18 11:49:55.744 +03:00 [WRN] No store type was specified for the decimal property 'TotalPrice' on entity type 'PriceQuotationDetails'. This will cause values to be silently truncated if they do not fit in the default precision and scale. Explicitly specify the SQL server column type that can accommodate all the values in 'OnModelCreating' using 'HasColumnType', specify precision and scale using 'HasPrecision', or configure a value converter using 'HasConversion'.
2026-05-18 11:49:55.746 +03:00 [WRN] No store type was specified for the decimal property 'UnitPrice' on entity type 'PriceQuotationDetails'. This will cause values to be silently truncated if they do not fit in the default precision and scale. Explicitly specify the SQL server column type that can accommodate all the values in 'OnModelCreating' using 'HasColumnType', specify precision and scale using 'HasPrecision', or configure a value converter using 'HasConversion'.
2026-05-18 11:49:58.296 +03:00 [INF] Start installing Hangfire SQL objects...
2026-05-18 11:49:58.545 +03:00 [INF] Hangfire SQL objects installed.
2026-05-18 11:49:58.825 +03:00 [INF] Now listening on: http://localhost:5210
2026-05-18 11:49:58.897 +03:00 [INF] Application started. Press Ctrl+C to shut down.
2026-05-18 11:49:58.901 +03:00 [INF] Hosting environment: Development
2026-05-18 11:49:58.903 +03:00 [INF] Content root path: E:\TheOneCRM\TheOneCRM
2026-05-18 11:51:33.153 +03:00 [WRN] No store type was specified for the decimal property 'Budget' on entity type 'Campaigns'. This will cause values to be silently truncated if they do not fit in the default precision and scale. Explicitly specify the SQL server column type that can accommodate all the values in 'OnModelCreating' using 'HasColumnType', specify precision and scale using 'HasPrecision', or configure a value converter using 'HasConversion'.
2026-05-18 11:51:33.293 +03:00 [WRN] No store type was specified for the decimal property 'DailyBudget' on entity type 'Campaigns'. This will cause values to be silently truncated if they do not fit in the default precision and scale. Explicitly specify the SQL server column type that can accommodate all the values in 'OnModelCreating' using 'HasColumnType', specify precision and scale using 'HasPrecision', or configure a value converter using 'HasConversion'.
2026-05-18 11:51:33.297 +03:00 [WRN] No store type was specified for the decimal property 'Price' on entity type 'Contract'. This will cause values to be silently truncated if they do not fit in the default precision and scale. Explicitly specify the SQL server column type that can accommodate all the values in 'OnModelCreating' using 'HasColumnType', specify precision and scale using 'HasPrecision', or configure a value converter using 'HasConversion'.
2026-05-18 11:51:33.305 +03:00 [WRN] No store type was specified for the decimal property 'Value' on entity type 'Deal'. This will cause values to be silently truncated if they do not fit in the default precision and scale. Explicitly specify the SQL server column type that can accommodate all the values in 'OnModelCreating' using 'HasColumnType', specify precision and scale using 'HasPrecision', or configure a value converter using 'HasConversion'.
2026-05-18 11:51:33.308 +03:00 [WRN] No store type was specified for the decimal property 'Discount' on entity type 'PriceQuotation'. This will cause values to be silently truncated if they do not fit in the default precision and scale. Explicitly specify the SQL server column type that can accommodate all the values in 'OnModelCreating' using 'HasColumnType', specify precision and scale using 'HasPrecision', or configure a value converter using 'HasConversion'.
2026-05-18 11:51:33.311 +03:00 [WRN] No store type was specified for the decimal property 'NetTotal' on entity type 'PriceQuotation'. This will cause values to be silently truncated if they do not fit in the default precision and scale. Explicitly specify the SQL server column type that can accommodate all the values in 'OnModelCreating' using 'HasColumnType', specify precision and scale using 'HasPrecision', or configure a value converter using 'HasConversion'.
2026-05-18 11:51:33.313 +03:00 [WRN] No store type was specified for the decimal property 'SubTotal' on entity type 'PriceQuotation'. This will cause values to be silently truncated if they do not fit in the default precision and scale. Explicitly specify the SQL server column type that can accommodate all the values in 'OnModelCreating' using 'HasColumnType', specify precision and scale using 'HasPrecision', or configure a value converter using 'HasConversion'.
2026-05-18 11:51:33.321 +03:00 [WRN] No store type was specified for the decimal property 'TotalPrice' on entity type 'PriceQuotationDetails'. This will cause values to be silently truncated if they do not fit in the default precision and scale. Explicitly specify the SQL server column type that can accommodate all the values in 'OnModelCreating' using 'HasColumnType', specify precision and scale using 'HasPrecision', or configure a value converter using 'HasConversion'.
2026-05-18 11:51:33.324 +03:00 [WRN] No store type was specified for the decimal property 'UnitPrice' on entity type 'PriceQuotationDetails'. This will cause values to be silently truncated if they do not fit in the default precision and scale. Explicitly specify the SQL server column type that can accommodate all the values in 'OnModelCreating' using 'HasColumnType', specify precision and scale using 'HasPrecision', or configure a value converter using 'HasConversion'.
2026-05-18 11:51:36.734 +03:00 [INF] Start installing Hangfire SQL objects...
2026-05-18 11:51:37.017 +03:00 [INF] Hangfire SQL objects installed.
2026-05-18 11:51:37.617 +03:00 [INF] Now listening on: http://localhost:5210
2026-05-18 11:51:37.758 +03:00 [INF] Application started. Press Ctrl+C to shut down.
2026-05-18 11:51:37.767 +03:00 [INF] Hosting environment: Development
2026-05-18 11:51:37.862 +03:00 [INF] Content root path: E:\TheOneCRM\TheOneCRM
2026-05-18 11:52:09.371 +03:00 [WRN] Failed to determine the https port for redirect.
2026-05-18 12:00:32.587 +03:00 [WRN] No store type was specified for the decimal property 'Budget' on entity type 'Campaigns'. This will cause values to be silently truncated if they do not fit in the default precision and scale. Explicitly specify the SQL server column type that can accommodate all the values in 'OnModelCreating' using 'HasColumnType', specify precision and scale using 'HasPrecision', or configure a value converter using 'HasConversion'.
2026-05-18 12:00:32.641 +03:00 [WRN] No store type was specified for the decimal property 'DailyBudget' on entity type 'Campaigns'. This will cause values to be silently truncated if they do not fit in the default precision and scale. Explicitly specify the SQL server column type that can accommodate all the values in 'OnModelCreating' using 'HasColumnType', specify precision and scale using 'HasPrecision', or configure a value converter using 'HasConversion'.
2026-05-18 12:00:32.644 +03:00 [WRN] No store type was specified for the decimal property 'Price' on entity type 'Contract'. This will cause values to be silently truncated if they do not fit in the default precision and scale. Explicitly specify the SQL server column type that can accommodate all the values in 'OnModelCreating' using 'HasColumnType', specify precision and scale using 'HasPrecision', or configure a value converter using 'HasConversion'.
2026-05-18 12:00:32.648 +03:00 [WRN] No store type was specified for the decimal property 'Value' on entity type 'Deal'. This will cause values to be silently truncated if they do not fit in the default precision and scale. Explicitly specify the SQL server column type that can accommodate all the values in 'OnModelCreating' using 'HasColumnType', specify precision and scale using 'HasPrecision', or configure a value converter using 'HasConversion'.
2026-05-18 12:00:32.650 +03:00 [WRN] No store type was specified for the decimal property 'Discount' on entity type 'PriceQuotation'. This will cause values to be silently truncated if they do not fit in the default precision and scale. Explicitly specify the SQL server column type that can accommodate all the values in 'OnModelCreating' using 'HasColumnType', specify precision and scale using 'HasPrecision', or configure a value converter using 'HasConversion'.
2026-05-18 12:00:32.653 +03:00 [WRN] No store type was specified for the decimal property 'NetTotal' on entity type 'PriceQuotation'. This will cause values to be silently truncated if they do not fit in the default precision and scale. Explicitly specify the SQL server column type that can accommodate all the values in 'OnModelCreating' using 'HasColumnType', specify precision and scale using 'HasPrecision', or configure a value converter using 'HasConversion'.
2026-05-18 12:00:32.655 +03:00 [WRN] No store type was specified for the decimal property 'SubTotal' on entity type 'PriceQuotation'. This will cause values to be silently truncated if they do not fit in the default precision and scale. Explicitly specify the SQL server column type that can accommodate all the values in 'OnModelCreating' using 'HasColumnType', specify precision and scale using 'HasPrecision', or configure a value converter using 'HasConversion'.
2026-05-18 12:00:32.657 +03:00 [WRN] No store type was specified for the decimal property 'TotalPrice' on entity type 'PriceQuotationDetails'. This will cause values to be silently truncated if they do not fit in the default precision and scale. Explicitly specify the SQL server column type that can accommodate all the values in 'OnModelCreating' using 'HasColumnType', specify precision and scale using 'HasPrecision', or configure a value converter using 'HasConversion'.
2026-05-18 12:00:32.660 +03:00 [WRN] No store type was specified for the decimal property 'UnitPrice' on entity type 'PriceQuotationDetails'. This will cause values to be silently truncated if they do not fit in the default precision and scale. Explicitly specify the SQL server column type that can accommodate all the values in 'OnModelCreating' using 'HasColumnType', specify precision and scale using 'HasPrecision', or configure a value converter using 'HasConversion'.
2026-05-18 12:00:35.377 +03:00 [INF] Start installing Hangfire SQL objects...
2026-05-18 12:00:35.652 +03:00 [INF] Hangfire SQL objects installed.
2026-05-18 12:00:36.141 +03:00 [INF] Now listening on: http://localhost:5210
2026-05-18 12:00:36.247 +03:00 [INF] Application started. Press Ctrl+C to shut down.
2026-05-18 12:00:36.311 +03:00 [INF] Hosting environment: Development
2026-05-18 12:00:36.313 +03:00 [INF] Content root path: E:\TheOneCRM\TheOneCRM
2026-05-18 12:01:18.630 +03:00 [WRN] Failed to determine the https port for redirect.
2026-05-18 12:02:01.216 +03:00 [WRN] No store type was specified for the decimal property 'Budget' on entity type 'Campaigns'. This will cause values to be silently truncated if they do not fit in the default precision and scale. Explicitly specify the SQL server column type that can accommodate all the values in 'OnModelCreating' using 'HasColumnType', specify precision and scale using 'HasPrecision', or configure a value converter using 'HasConversion'.
2026-05-18 12:02:01.270 +03:00 [WRN] No store type was specified for the decimal property 'DailyBudget' on entity type 'Campaigns'. This will cause values to be silently truncated if they do not fit in the default precision and scale. Explicitly specify the SQL server column type that can accommodate all the values in 'OnModelCreating' using 'HasColumnType', specify precision and scale using 'HasPrecision', or configure a value converter using 'HasConversion'.
2026-05-18 12:02:01.275 +03:00 [WRN] No store type was specified for the decimal property 'Price' on entity type 'Contract'. This will cause values to be silently truncated if they do not fit in the default precision and scale. Explicitly specify the SQL server column type that can accommodate all the values in 'OnModelCreating' using 'HasColumnType', specify precision and scale using 'HasPrecision', or configure a value converter using 'HasConversion'.
2026-05-18 12:02:01.278 +03:00 [WRN] No store type was specified for the decimal property 'Value' on entity type 'Deal'. This will cause values to be silently truncated if they do not fit in the default precision and scale. Explicitly specify the SQL server column type that can accommodate all the values in 'OnModelCreating' using 'HasColumnType', specify precision and scale using 'HasPrecision', or configure a value converter using 'HasConversion'.
2026-05-18 12:02:01.282 +03:00 [WRN] No store type was specified for the decimal property 'Discount' on entity type 'PriceQuotation'. This will cause values to be silently truncated if they do not fit in the default precision and scale. Explicitly specify the SQL server column type that can accommodate all the values in 'OnModelCreating' using 'HasColumnType', specify precision and scale using 'HasPrecision', or configure a value converter using 'HasConversion'.
2026-05-18 12:02:01.285 +03:00 [WRN] No store type was specified for the decimal property 'NetTotal' on entity type 'PriceQuotation'. This will cause values to be silently truncated if they do not fit in the default precision and scale. Explicitly specify the SQL server column type that can accommodate all the values in 'OnModelCreating' using 'HasColumnType', specify precision and scale using 'HasPrecision', or configure a value converter using 'HasConversion'.
2026-05-18 12:02:01.287 +03:00 [WRN] No store type was specified for the decimal property 'SubTotal' on entity type 'PriceQuotation'. This will cause values to be silently truncated if they do not fit in the default precision and scale. Explicitly specify the SQL server column type that can accommodate all the values in 'OnModelCreating' using 'HasColumnType', specify precision and scale using 'HasPrecision', or configure a value converter using 'HasConversion'.
2026-05-18 12:02:01.289 +03:00 [WRN] No store type was specified for the decimal property 'TotalPrice' on entity type 'PriceQuotationDetails'. This will cause values to be silently truncated if they do not fit in the default precision and scale. Explicitly specify the SQL server column type that can accommodate all the values in 'OnModelCreating' using 'HasColumnType', specify precision and scale using 'HasPrecision', or configure a value converter using 'HasConversion'.
2026-05-18 12:02:01.291 +03:00 [WRN] No store type was specified for the decimal property 'UnitPrice' on entity type 'PriceQuotationDetails'. This will cause values to be silently truncated if they do not fit in the default precision and scale. Explicitly specify the SQL server column type that can accommodate all the values in 'OnModelCreating' using 'HasColumnType', specify precision and scale using 'HasPrecision', or configure a value converter using 'HasConversion'.
2026-05-18 12:02:03.817 +03:00 [INF] Start installing Hangfire SQL objects...
2026-05-18 12:02:04.083 +03:00 [INF] Hangfire SQL objects installed.
2026-05-18 12:02:04.535 +03:00 [INF] Now listening on: http://localhost:5210
2026-05-18 12:02:04.619 +03:00 [INF] Application started. Press Ctrl+C to shut down.
2026-05-18 12:02:04.621 +03:00 [INF] Hosting environment: Development
2026-05-18 12:02:04.623 +03:00 [INF] Content root path: E:\TheOneCRM\TheOneCRM
2026-05-18 12:02:22.557 +03:00 [WRN] Failed to determine the https port for redirect.
2026-05-18 12:08:52.729 +03:00 [WRN] No store type was specified for the decimal property 'Budget' on entity type 'Campaigns'. This will cause values to be silently truncated if they do not fit in the default precision and scale. Explicitly specify the SQL server column type that can accommodate all the values in 'OnModelCreating' using 'HasColumnType', specify precision and scale using 'HasPrecision', or configure a value converter using 'HasConversion'.
2026-05-18 12:08:52.786 +03:00 [WRN] No store type was specified for the decimal property 'DailyBudget' on entity type 'Campaigns'. This will cause values to be silently truncated if they do not fit in the default precision and scale. Explicitly specify the SQL server column type that can accommodate all the values in 'OnModelCreating' using 'HasColumnType', specify precision and scale using 'HasPrecision', or configure a value converter using 'HasConversion'.
2026-05-18 12:08:52.791 +03:00 [WRN] No store type was specified for the decimal property 'Price' on entity type 'Contract'. This will cause values to be silently truncated if they do not fit in the default precision and scale. Explicitly specify the SQL server column type that can accommodate all the values in 'OnModelCreating' using 'HasColumnType', specify precision and scale using 'HasPrecision', or configure a value converter using 'HasConversion'.
2026-05-18 12:08:52.794 +03:00 [WRN] No store type was specified for the decimal property 'Value' on entity type 'Deal'. This will cause values to be silently truncated if they do not fit in the default precision and scale. Explicitly specify the SQL server column type that can accommodate all the values in 'OnModelCreating' using 'HasColumnType', specify precision and scale using 'HasPrecision', or configure a value converter using 'HasConversion'.
2026-05-18 12:08:52.796 +03:00 [WRN] No store type was specified for the decimal property 'Discount' on entity type 'PriceQuotation'. This will cause values to be silently truncated if they do not fit in the default precision and scale. Explicitly specify the SQL server column type that can accommodate all the values in 'OnModelCreating' using 'HasColumnType', specify precision and scale using 'HasPrecision', or configure a value converter using 'HasConversion'.
2026-05-18 12:08:52.799 +03:00 [WRN] No store type was specified for the decimal property 'NetTotal' on entity type 'PriceQuotation'. This will cause values to be silently truncated if they do not fit in the default precision and scale. Explicitly specify the SQL server column type that can accommodate all the values in 'OnModelCreating' using 'HasColumnType', specify precision and scale using 'HasPrecision', or configure a value converter using 'HasConversion'.
2026-05-18 12:08:52.801 +03:00 [WRN] No store type was specified for the decimal property 'SubTotal' on entity type 'PriceQuotation'. This will cause values to be silently truncated if they do not fit in the default precision and scale. Explicitly specify the SQL server column type that can accommodate all the values in 'OnModelCreating' using 'HasColumnType', specify precision and scale using 'HasPrecision', or configure a value converter using 'HasConversion'.
2026-05-18 12:08:52.803 +03:00 [WRN] No store type was specified for the decimal property 'TotalPrice' on entity type 'PriceQuotationDetails'. This will cause values to be silently truncated if they do not fit in the default precision and scale. Explicitly specify the SQL server column type that can accommodate all the values in 'OnModelCreating' using 'HasColumnType', specify precision and scale using 'HasPrecision', or configure a value converter using 'HasConversion'.
2026-05-18 12:08:52.806 +03:00 [WRN] No store type was specified for the decimal property 'UnitPrice' on entity type 'PriceQuotationDetails'. This will cause values to be silently truncated if they do not fit in the default precision and scale. Explicitly specify the SQL server column type that can accommodate all the values in 'OnModelCreating' using 'HasColumnType', specify precision and scale using 'HasPrecision', or configure a value converter using 'HasConversion'.
2026-05-18 12:08:55.432 +03:00 [INF] Start installing Hangfire SQL objects...
2026-05-18 12:08:55.700 +03:00 [INF] Hangfire SQL objects installed.
2026-05-18 12:08:56.186 +03:00 [INF] Now listening on: http://localhost:5210
2026-05-18 12:08:56.287 +03:00 [INF] Application started. Press Ctrl+C to shut down.
2026-05-18 12:08:56.290 +03:00 [INF] Hosting environment: Development
2026-05-18 12:08:56.292 +03:00 [INF] Content root path: E:\TheOneCRM\TheOneCRM
2026-05-18 12:10:19.473 +03:00 [WRN] Failed to determine the https port for redirect.
2026-05-18 12:34:40.340 +03:00 [WRN] No store type was specified for the decimal property 'Budget' on entity type 'Campaigns'. This will cause values to be silently truncated if they do not fit in the default precision and scale. Explicitly specify the SQL server column type that can accommodate all the values in 'OnModelCreating' using 'HasColumnType', specify precision and scale using 'HasPrecision', or configure a value converter using 'HasConversion'.
2026-05-18 12:34:40.397 +03:00 [WRN] No store type was specified for the decimal property 'DailyBudget' on entity type 'Campaigns'. This will cause values to be silently truncated if they do not fit in the default precision and scale. Explicitly specify the SQL server column type that can accommodate all the values in 'OnModelCreating' using 'HasColumnType', specify precision and scale using 'HasPrecision', or configure a value converter using 'HasConversion'.
2026-05-18 12:34:40.401 +03:00 [WRN] No store type was specified for the decimal property 'Price' on entity type 'Contract'. This will cause values to be silently truncated if they do not fit in the default precision and scale. Explicitly specify the SQL server column type that can accommodate all the values in 'OnModelCreating' using 'HasColumnType', specify precision and scale using 'HasPrecision', or configure a value converter using 'HasConversion'.
2026-05-18 12:34:40.405 +03:00 [WRN] No store type was specified for the decimal property 'Value' on entity type 'Deal'. This will cause values to be silently truncated if they do not fit in the default precision and scale. Explicitly specify the SQL server column type that can accommodate all the values in 'OnModelCreating' using 'HasColumnType', specify precision and scale using 'HasPrecision', or configure a value converter using 'HasConversion'.
2026-05-18 12:34:40.407 +03:00 [WRN] No store type was specified for the decimal property 'Discount' on entity type 'PriceQuotation'. This will cause values to be silently truncated if they do not fit in the default precision and scale. Explicitly specify the SQL server column type that can accommodate all the values in 'OnModelCreating' using 'HasColumnType', specify precision and scale using 'HasPrecision', or configure a value converter using 'HasConversion'.
2026-05-18 12:34:40.410 +03:00 [WRN] No store type was specified for the decimal property 'NetTotal' on entity type 'PriceQuotation'. This will cause values to be silently truncated if they do not fit in the default precision and scale. Explicitly specify the SQL server column type that can accommodate all the values in 'OnModelCreating' using 'HasColumnType', specify precision and scale using 'HasPrecision', or configure a value converter using 'HasConversion'.
2026-05-18 12:34:40.412 +03:00 [WRN] No store type was specified for the decimal property 'SubTotal' on entity type 'PriceQuotation'. This will cause values to be silently truncated if they do not fit in the default precision and scale. Explicitly specify the SQL server column type that can accommodate all the values in 'OnModelCreating' using 'HasColumnType', specify precision and scale using 'HasPrecision', or configure a value converter using 'HasConversion'.
2026-05-18 12:34:40.414 +03:00 [WRN] No store type was specified for the decimal property 'TotalPrice' on entity type 'PriceQuotationDetails'. This will cause values to be silently truncated if they do not fit in the default precision and scale. Explicitly specify the SQL server column type that can accommodate all the values in 'OnModelCreating' using 'HasColumnType', specify precision and scale using 'HasPrecision', or configure a value converter using 'HasConversion'.
2026-05-18 12:34:40.416 +03:00 [WRN] No store type was specified for the decimal property 'UnitPrice' on entity type 'PriceQuotationDetails'. This will cause values to be silently truncated if they do not fit in the default precision and scale. Explicitly specify the SQL server column type that can accommodate all the values in 'OnModelCreating' using 'HasColumnType', specify precision and scale using 'HasPrecision', or configure a value converter using 'HasConversion'.
2026-05-18 12:34:44.824 +03:00 [INF] Start installing Hangfire SQL objects...
2026-05-18 12:34:45.099 +03:00 [INF] Hangfire SQL objects installed.
2026-05-18 12:34:45.696 +03:00 [INF] Now listening on: http://localhost:5210
2026-05-18 12:34:45.802 +03:00 [INF] Application started. Press Ctrl+C to shut down.
2026-05-18 12:34:45.806 +03:00 [INF] Hosting environment: Development
2026-05-18 12:34:45.808 +03:00 [INF] Content root path: E:\TheOneCRM\TheOneCRM
2026-05-18 12:35:46.476 +03:00 [WRN] Failed to determine the https port for redirect.
2026-05-18 12:38:04.304 +03:00 [ERR] An error occurred while processing the request.
System.Collections.Generic.KeyNotFoundException: الموعد برقم 1 مش موجود
   at TheOneCRM.Application.Services.AppointmentS.AppointmentService.UpdateAppointmentAsync(Int32 id, UpdateAppointmentDto dto, String currentUserId, String currentUserRole) in E:\TheOneCRM\TheOneCRM.Application\Services\AppointmentS\AppointmentService.cs:line 66
   at TheOneCRM.API.Controllers.AppointmentsController.UpdateAppointment(Int32 id, UpdateAppointmentDto dto) in E:\TheOneCRM\TheOneCRM\Controllers\AppointmentsController.cs:line 44
   at Microsoft.AspNetCore.Mvc.Infrastructure.ActionMethodExecutor.TaskOfIActionResultExecutor.Execute(ActionContext actionContext, IActionResultTypeMapper mapper, ObjectMethodExecutor executor, Object controller, Object[] arguments)
   at Microsoft.AspNetCore.Mvc.Infrastructure.ControllerActionInvoker.<InvokeActionMethodAsync>g__Awaited|12_0(ControllerActionInvoker invoker, ValueTask`1 actionResultValueTask)
   at Microsoft.AspNetCore.Mvc.Infrastructure.ControllerActionInvoker.<InvokeNextActionFilterAsync>g__Awaited|10_0(ControllerActionInvoker invoker, Task lastTask, State next, Scope scope, Object state, Boolean isCompleted)
   at Microsoft.AspNetCore.Mvc.Infrastructure.ControllerActionInvoker.Rethrow(ActionExecutedContextSealed context)
   at Microsoft.AspNetCore.Mvc.Infrastructure.ControllerActionInvoker.Next(State& next, Scope& scope, Object& state, Boolean& isCompleted)
   at Microsoft.AspNetCore.Mvc.Infrastructure.ControllerActionInvoker.<InvokeInnerFilterAsync>g__Awaited|13_0(ControllerActionInvoker invoker, Task lastTask, State next, Scope scope, Object state, Boolean isCompleted)
   at Microsoft.AspNetCore.Mvc.Infrastructure.ResourceInvoker.<InvokeFilterPipelineAsync>g__Awaited|20_0(ResourceInvoker invoker, Task lastTask, State next, Scope scope, Object state, Boolean isCompleted)
   at Microsoft.AspNetCore.Mvc.Infrastructure.ResourceInvoker.<InvokeAsync>g__Awaited|17_0(ResourceInvoker invoker, Task task, IDisposable scope)
   at Microsoft.AspNetCore.Mvc.Infrastructure.ResourceInvoker.<InvokeAsync>g__Awaited|17_0(ResourceInvoker invoker, Task task, IDisposable scope)
   at Microsoft.AspNetCore.Authorization.AuthorizationMiddleware.Invoke(HttpContext context)
   at Microsoft.AspNetCore.Authentication.AuthenticationMiddleware.Invoke(HttpContext context)
   at TheOneCRM.API.Middlewares.ExceptionMiddleware.InvokeAsync(HttpContext context) in E:\TheOneCRM\TheOneCRM\Middlewares\ExceptionMiddleware.cs:line 33
2026-05-18 12:38:18.531 +03:00 [ERR] An error occurred while processing the request.
System.InvalidOperationException: تاريخ النهاية لازم يكون بعد تاريخ البداية
   at TheOneCRM.Application.Services.AppointmentS.AppointmentService.UpdateAppointmentAsync(Int32 id, UpdateAppointmentDto dto, String currentUserId, String currentUserRole) in E:\TheOneCRM\TheOneCRM.Application\Services\AppointmentS\AppointmentService.cs:line 70
   at TheOneCRM.API.Controllers.AppointmentsController.UpdateAppointment(Int32 id, UpdateAppointmentDto dto) in E:\TheOneCRM\TheOneCRM\Controllers\AppointmentsController.cs:line 44
   at Microsoft.AspNetCore.Mvc.Infrastructure.ActionMethodExecutor.TaskOfIActionResultExecutor.Execute(ActionContext actionContext, IActionResultTypeMapper mapper, ObjectMethodExecutor executor, Object controller, Object[] arguments)
   at Microsoft.AspNetCore.Mvc.Infrastructure.ControllerActionInvoker.<InvokeActionMethodAsync>g__Awaited|12_0(ControllerActionInvoker invoker, ValueTask`1 actionResultValueTask)
   at Microsoft.AspNetCore.Mvc.Infrastructure.ControllerActionInvoker.<InvokeNextActionFilterAsync>g__Awaited|10_0(ControllerActionInvoker invoker, Task lastTask, State next, Scope scope, Object state, Boolean isCompleted)
   at Microsoft.AspNetCore.Mvc.Infrastructure.ControllerActionInvoker.Rethrow(ActionExecutedContextSealed context)
   at Microsoft.AspNetCore.Mvc.Infrastructure.ControllerActionInvoker.Next(State& next, Scope& scope, Object& state, Boolean& isCompleted)
   at Microsoft.AspNetCore.Mvc.Infrastructure.ControllerActionInvoker.<InvokeInnerFilterAsync>g__Awaited|13_0(ControllerActionInvoker invoker, Task lastTask, State next, Scope scope, Object state, Boolean isCompleted)
   at Microsoft.AspNetCore.Mvc.Infrastructure.ResourceInvoker.<InvokeFilterPipelineAsync>g__Awaited|20_0(ResourceInvoker invoker, Task lastTask, State next, Scope scope, Object state, Boolean isCompleted)
   at Microsoft.AspNetCore.Mvc.Infrastructure.ResourceInvoker.<InvokeAsync>g__Awaited|17_0(ResourceInvoker invoker, Task task, IDisposable scope)
   at Microsoft.AspNetCore.Mvc.Infrastructure.ResourceInvoker.<InvokeAsync>g__Awaited|17_0(ResourceInvoker invoker, Task task, IDisposable scope)
   at Microsoft.AspNetCore.Authorization.AuthorizationMiddleware.Invoke(HttpContext context)
   at Microsoft.AspNetCore.Authentication.AuthenticationMiddleware.Invoke(HttpContext context)
   at TheOneCRM.API.Middlewares.ExceptionMiddleware.InvokeAsync(HttpContext context) in E:\TheOneCRM\TheOneCRM\Middlewares\ExceptionMiddleware.cs:line 33
2026-05-18 12:41:17.647 +03:00 [WRN] No store type was specified for the decimal property 'Budget' on entity type 'Campaigns'. This will cause values to be silently truncated if they do not fit in the default precision and scale. Explicitly specify the SQL server column type that can accommodate all the values in 'OnModelCreating' using 'HasColumnType', specify precision and scale using 'HasPrecision', or configure a value converter using 'HasConversion'.
2026-05-18 12:41:17.707 +03:00 [WRN] No store type was specified for the decimal property 'DailyBudget' on entity type 'Campaigns'. This will cause values to be silently truncated if they do not fit in the default precision and scale. Explicitly specify the SQL server column type that can accommodate all the values in 'OnModelCreating' using 'HasColumnType', specify precision and scale using 'HasPrecision', or configure a value converter using 'HasConversion'.
2026-05-18 12:41:17.711 +03:00 [WRN] No store type was specified for the decimal property 'Price' on entity type 'Contract'. This will cause values to be silently truncated if they do not fit in the default precision and scale. Explicitly specify the SQL server column type that can accommodate all the values in 'OnModelCreating' using 'HasColumnType', specify precision and scale using 'HasPrecision', or configure a value converter using 'HasConversion'.
2026-05-18 12:41:17.714 +03:00 [WRN] No store type was specified for the decimal property 'Value' on entity type 'Deal'. This will cause values to be silently truncated if they do not fit in the default precision and scale. Explicitly specify the SQL server column type that can accommodate all the values in 'OnModelCreating' using 'HasColumnType', specify precision and scale using 'HasPrecision', or configure a value converter using 'HasConversion'.
2026-05-18 12:41:17.717 +03:00 [WRN] No store type was specified for the decimal property 'Discount' on entity type 'PriceQuotation'. This will cause values to be silently truncated if they do not fit in the default precision and scale. Explicitly specify the SQL server column type that can accommodate all the values in 'OnModelCreating' using 'HasColumnType', specify precision and scale using 'HasPrecision', or configure a value converter using 'HasConversion'.
2026-05-18 12:41:17.719 +03:00 [WRN] No store type was specified for the decimal property 'NetTotal' on entity type 'PriceQuotation'. This will cause values to be silently truncated if they do not fit in the default precision and scale. Explicitly specify the SQL server column type that can accommodate all the values in 'OnModelCreating' using 'HasColumnType', specify precision and scale using 'HasPrecision', or configure a value converter using 'HasConversion'.
2026-05-18 12:41:17.722 +03:00 [WRN] No store type was specified for the decimal property 'SubTotal' on entity type 'PriceQuotation'. This will cause values to be silently truncated if they do not fit in the default precision and scale. Explicitly specify the SQL server column type that can accommodate all the values in 'OnModelCreating' using 'HasColumnType', specify precision and scale using 'HasPrecision', or configure a value converter using 'HasConversion'.
2026-05-18 12:41:17.724 +03:00 [WRN] No store type was specified for the decimal property 'TotalPrice' on entity type 'PriceQuotationDetails'. This will cause values to be silently truncated if they do not fit in the default precision and scale. Explicitly specify the SQL server column type that can accommodate all the values in 'OnModelCreating' using 'HasColumnType', specify precision and scale using 'HasPrecision', or configure a value converter using 'HasConversion'.
2026-05-18 12:41:17.725 +03:00 [WRN] No store type was specified for the decimal property 'UnitPrice' on entity type 'PriceQuotationDetails'. This will cause values to be silently truncated if they do not fit in the default precision and scale. Explicitly specify the SQL server column type that can accommodate all the values in 'OnModelCreating' using 'HasColumnType', specify precision and scale using 'HasPrecision', or configure a value converter using 'HasConversion'.
2026-05-18 12:41:20.324 +03:00 [INF] Start installing Hangfire SQL objects...
2026-05-18 12:41:20.594 +03:00 [INF] Hangfire SQL objects installed.
2026-05-18 12:41:21.173 +03:00 [INF] Now listening on: http://localhost:5210
2026-05-18 12:41:21.274 +03:00 [INF] Application started. Press Ctrl+C to shut down.
2026-05-18 12:41:21.277 +03:00 [INF] Hosting environment: Development
2026-05-18 12:41:21.278 +03:00 [INF] Content root path: E:\TheOneCRM\TheOneCRM
2026-05-18 12:41:50.164 +03:00 [WRN] Failed to determine the https port for redirect.
2026-05-18 12:47:12.965 +03:00 [WRN] No store type was specified for the decimal property 'Budget' on entity type 'Campaigns'. This will cause values to be silently truncated if they do not fit in the default precision and scale. Explicitly specify the SQL server column type that can accommodate all the values in 'OnModelCreating' using 'HasColumnType', specify precision and scale using 'HasPrecision', or configure a value converter using 'HasConversion'.
2026-05-18 12:47:13.024 +03:00 [WRN] No store type was specified for the decimal property 'DailyBudget' on entity type 'Campaigns'. This will cause values to be silently truncated if they do not fit in the default precision and scale. Explicitly specify the SQL server column type that can accommodate all the values in 'OnModelCreating' using 'HasColumnType', specify precision and scale using 'HasPrecision', or configure a value converter using 'HasConversion'.
2026-05-18 12:47:13.027 +03:00 [WRN] No store type was specified for the decimal property 'Price' on entity type 'Contract'. This will cause values to be silently truncated if they do not fit in the default precision and scale. Explicitly specify the SQL server column type that can accommodate all the values in 'OnModelCreating' using 'HasColumnType', specify precision and scale using 'HasPrecision', or configure a value converter using 'HasConversion'.
2026-05-18 12:47:13.030 +03:00 [WRN] No store type was specified for the decimal property 'Value' on entity type 'Deal'. This will cause values to be silently truncated if they do not fit in the default precision and scale. Explicitly specify the SQL server column type that can accommodate all the values in 'OnModelCreating' using 'HasColumnType', specify precision and scale using 'HasPrecision', or configure a value converter using 'HasConversion'.
2026-05-18 12:47:13.032 +03:00 [WRN] No store type was specified for the decimal property 'Discount' on entity type 'PriceQuotation'. This will cause values to be silently truncated if they do not fit in the default precision and scale. Explicitly specify the SQL server column type that can accommodate all the values in 'OnModelCreating' using 'HasColumnType', specify precision and scale using 'HasPrecision', or configure a value converter using 'HasConversion'.
2026-05-18 12:47:13.035 +03:00 [WRN] No store type was specified for the decimal property 'NetTotal' on entity type 'PriceQuotation'. This will cause values to be silently truncated if they do not fit in the default precision and scale. Explicitly specify the SQL server column type that can accommodate all the values in 'OnModelCreating' using 'HasColumnType', specify precision and scale using 'HasPrecision', or configure a value converter using 'HasConversion'.
2026-05-18 12:47:13.038 +03:00 [WRN] No store type was specified for the decimal property 'SubTotal' on entity type 'PriceQuotation'. This will cause values to be silently truncated if they do not fit in the default precision and scale. Explicitly specify the SQL server column type that can accommodate all the values in 'OnModelCreating' using 'HasColumnType', specify precision and scale using 'HasPrecision', or configure a value converter using 'HasConversion'.
2026-05-18 12:47:13.040 +03:00 [WRN] No store type was specified for the decimal property 'TotalPrice' on entity type 'PriceQuotationDetails'. This will cause values to be silently truncated if they do not fit in the default precision and scale. Explicitly specify the SQL server column type that can accommodate all the values in 'OnModelCreating' using 'HasColumnType', specify precision and scale using 'HasPrecision', or configure a value converter using 'HasConversion'.
2026-05-18 12:47:13.043 +03:00 [WRN] No store type was specified for the decimal property 'UnitPrice' on entity type 'PriceQuotationDetails'. This will cause values to be silently truncated if they do not fit in the default precision and scale. Explicitly specify the SQL server column type that can accommodate all the values in 'OnModelCreating' using 'HasColumnType', specify precision and scale using 'HasPrecision', or configure a value converter using 'HasConversion'.
2026-05-18 12:47:40.977 +03:00 [WRN] No store type was specified for the decimal property 'Budget' on entity type 'Campaigns'. This will cause values to be silently truncated if they do not fit in the default precision and scale. Explicitly specify the SQL server column type that can accommodate all the values in 'OnModelCreating' using 'HasColumnType', specify precision and scale using 'HasPrecision', or configure a value converter using 'HasConversion'.
2026-05-18 12:47:41.044 +03:00 [WRN] No store type was specified for the decimal property 'DailyBudget' on entity type 'Campaigns'. This will cause values to be silently truncated if they do not fit in the default precision and scale. Explicitly specify the SQL server column type that can accommodate all the values in 'OnModelCreating' using 'HasColumnType', specify precision and scale using 'HasPrecision', or configure a value converter using 'HasConversion'.
2026-05-18 12:47:41.048 +03:00 [WRN] No store type was specified for the decimal property 'Price' on entity type 'Contract'. This will cause values to be silently truncated if they do not fit in the default precision and scale. Explicitly specify the SQL server column type that can accommodate all the values in 'OnModelCreating' using 'HasColumnType', specify precision and scale using 'HasPrecision', or configure a value converter using 'HasConversion'.
2026-05-18 12:47:41.051 +03:00 [WRN] No store type was specified for the decimal property 'Value' on entity type 'Deal'. This will cause values to be silently truncated if they do not fit in the default precision and scale. Explicitly specify the SQL server column type that can accommodate all the values in 'OnModelCreating' using 'HasColumnType', specify precision and scale using 'HasPrecision', or configure a value converter using 'HasConversion'.
2026-05-18 12:47:41.054 +03:00 [WRN] No store type was specified for the decimal property 'Discount' on entity type 'PriceQuotation'. This will cause values to be silently truncated if they do not fit in the default precision and scale. Explicitly specify the SQL server column type that can accommodate all the values in 'OnModelCreating' using 'HasColumnType', specify precision and scale using 'HasPrecision', or configure a value converter using 'HasConversion'.
2026-05-18 12:47:41.057 +03:00 [WRN] No store type was specified for the decimal property 'NetTotal' on entity type 'PriceQuotation'. This will cause values to be silently truncated if they do not fit in the default precision and scale. Explicitly specify the SQL server column type that can accommodate all the values in 'OnModelCreating' using 'HasColumnType', specify precision and scale using 'HasPrecision', or configure a value converter using 'HasConversion'.
2026-05-18 12:47:41.060 +03:00 [WRN] No store type was specified for the decimal property 'SubTotal' on entity type 'PriceQuotation'. This will cause values to be silently truncated if they do not fit in the default precision and scale. Explicitly specify the SQL server column type that can accommodate all the values in 'OnModelCreating' using 'HasColumnType', specify precision and scale using 'HasPrecision', or configure a value converter using 'HasConversion'.
2026-05-18 12:47:41.063 +03:00 [WRN] No store type was specified for the decimal property 'TotalPrice' on entity type 'PriceQuotationDetails'. This will cause values to be silently truncated if they do not fit in the default precision and scale. Explicitly specify the SQL server column type that can accommodate all the values in 'OnModelCreating' using 'HasColumnType', specify precision and scale using 'HasPrecision', or configure a value converter using 'HasConversion'.
2026-05-18 12:47:41.066 +03:00 [WRN] No store type was specified for the decimal property 'UnitPrice' on entity type 'PriceQuotationDetails'. This will cause values to be silently truncated if they do not fit in the default precision and scale. Explicitly specify the SQL server column type that can accommodate all the values in 'OnModelCreating' using 'HasColumnType', specify precision and scale using 'HasPrecision', or configure a value converter using 'HasConversion'.
2026-05-18 12:47:43.696 +03:00 [INF] Start installing Hangfire SQL objects...
2026-05-18 12:47:43.962 +03:00 [INF] Hangfire SQL objects installed.
2026-05-18 12:47:44.438 +03:00 [INF] Now listening on: http://localhost:5210
2026-05-18 12:47:44.522 +03:00 [INF] Application started. Press Ctrl+C to shut down.
2026-05-18 12:47:44.543 +03:00 [INF] Hosting environment: Development
2026-05-18 12:47:44.558 +03:00 [INF] Content root path: E:\TheOneCRM\TheOneCRM
2026-05-18 12:48:05.306 +03:00 [WRN] Failed to determine the https port for redirect.
2026-05-18 12:48:56.459 +03:00 [ERR] An error occurred while processing the request.
System.NotImplementedException: The method or operation is not implemented.
   at TheOneCRM.Application.Services.AppointmentS.AppointmentService.DeleteAppointmentAsync(Int32 id, String currentUserId, String currentUserRole) in E:\TheOneCRM\TheOneCRM.Application\Services\AppointmentS\AppointmentService.cs:line 123
   at TheOneCRM.API.Controllers.AppointmentsController.DeleteAppointment(Int32 id) in E:\TheOneCRM\TheOneCRM\Controllers\AppointmentsController.cs:line 70
   at Microsoft.AspNetCore.Mvc.Infrastructure.ActionMethodExecutor.TaskOfIActionResultExecutor.Execute(ActionContext actionContext, IActionResultTypeMapper mapper, ObjectMethodExecutor executor, Object controller, Object[] arguments)
   at Microsoft.AspNetCore.Mvc.Infrastructure.ControllerActionInvoker.<InvokeActionMethodAsync>g__Awaited|12_0(ControllerActionInvoker invoker, ValueTask`1 actionResultValueTask)
   at Microsoft.AspNetCore.Mvc.Infrastructure.ControllerActionInvoker.<InvokeNextActionFilterAsync>g__Awaited|10_0(ControllerActionInvoker invoker, Task lastTask, State next, Scope scope, Object state, Boolean isCompleted)
   at Microsoft.AspNetCore.Mvc.Infrastructure.ControllerActionInvoker.Rethrow(ActionExecutedContextSealed context)
   at Microsoft.AspNetCore.Mvc.Infrastructure.ControllerActionInvoker.Next(State& next, Scope& scope, Object& state, Boolean& isCompleted)
   at Microsoft.AspNetCore.Mvc.Infrastructure.ControllerActionInvoker.<InvokeInnerFilterAsync>g__Awaited|13_0(ControllerActionInvoker invoker, Task lastTask, State next, Scope scope, Object state, Boolean isCompleted)
   at Microsoft.AspNetCore.Mvc.Infrastructure.ResourceInvoker.<InvokeFilterPipelineAsync>g__Awaited|20_0(ResourceInvoker invoker, Task lastTask, State next, Scope scope, Object state, Boolean isCompleted)
   at Microsoft.AspNetCore.Mvc.Infrastructure.ResourceInvoker.<InvokeAsync>g__Awaited|17_0(ResourceInvoker invoker, Task task, IDisposable scope)
   at Microsoft.AspNetCore.Mvc.Infrastructure.ResourceInvoker.<InvokeAsync>g__Awaited|17_0(ResourceInvoker invoker, Task task, IDisposable scope)
   at Microsoft.AspNetCore.Authorization.AuthorizationMiddleware.Invoke(HttpContext context)
   at Microsoft.AspNetCore.Authentication.AuthenticationMiddleware.Invoke(HttpContext context)
   at TheOneCRM.API.Middlewares.ExceptionMiddleware.InvokeAsync(HttpContext context) in E:\TheOneCRM\TheOneCRM\Middlewares\ExceptionMiddleware.cs:line 33
2026-05-18 12:49:02.894 +03:00 [ERR] An error occurred while processing the request.
System.NotImplementedException: The method or operation is not implemented.
   at TheOneCRM.Application.Services.AppointmentS.AppointmentService.DeleteAppointmentAsync(Int32 id, String currentUserId, String currentUserRole) in E:\TheOneCRM\TheOneCRM.Application\Services\AppointmentS\AppointmentService.cs:line 123
   at TheOneCRM.API.Controllers.AppointmentsController.DeleteAppointment(Int32 id) in E:\TheOneCRM\TheOneCRM\Controllers\AppointmentsController.cs:line 70
   at Microsoft.AspNetCore.Mvc.Infrastructure.ActionMethodExecutor.TaskOfIActionResultExecutor.Execute(ActionContext actionContext, IActionResultTypeMapper mapper, ObjectMethodExecutor executor, Object controller, Object[] arguments)
   at Microsoft.AspNetCore.Mvc.Infrastructure.ControllerActionInvoker.<InvokeActionMethodAsync>g__Awaited|12_0(ControllerActionInvoker invoker, ValueTask`1 actionResultValueTask)
   at Microsoft.AspNetCore.Mvc.Infrastructure.ControllerActionInvoker.<InvokeNextActionFilterAsync>g__Awaited|10_0(ControllerActionInvoker invoker, Task lastTask, State next, Scope scope, Object state, Boolean isCompleted)
   at Microsoft.AspNetCore.Mvc.Infrastructure.ControllerActionInvoker.Rethrow(ActionExecutedContextSealed context)
   at Microsoft.AspNetCore.Mvc.Infrastructure.ControllerActionInvoker.Next(State& next, Scope& scope, Object& state, Boolean& isCompleted)
   at Microsoft.AspNetCore.Mvc.Infrastructure.ControllerActionInvoker.<InvokeInnerFilterAsync>g__Awaited|13_0(ControllerActionInvoker invoker, Task lastTask, State next, Scope scope, Object state, Boolean isCompleted)
   at Microsoft.AspNetCore.Mvc.Infrastructure.ResourceInvoker.<InvokeFilterPipelineAsync>g__Awaited|20_0(ResourceInvoker invoker, Task lastTask, State next, Scope scope, Object state, Boolean isCompleted)
   at Microsoft.AspNetCore.Mvc.Infrastructure.ResourceInvoker.<InvokeAsync>g__Awaited|17_0(ResourceInvoker invoker, Task task, IDisposable scope)
   at Microsoft.AspNetCore.Mvc.Infrastructure.ResourceInvoker.<InvokeAsync>g__Awaited|17_0(ResourceInvoker invoker, Task task, IDisposable scope)
   at Microsoft.AspNetCore.Authorization.AuthorizationMiddleware.Invoke(HttpContext context)
   at Microsoft.AspNetCore.Authentication.AuthenticationMiddleware.Invoke(HttpContext context)
   at TheOneCRM.API.Middlewares.ExceptionMiddleware.InvokeAsync(HttpContext context) in E:\TheOneCRM\TheOneCRM\Middlewares\ExceptionMiddleware.cs:line 33
2026-05-18 12:55:49.247 +03:00 [WRN] No store type was specified for the decimal property 'Budget' on entity type 'Campaigns'. This will cause values to be silently truncated if they do not fit in the default precision and scale. Explicitly specify the SQL server column type that can accommodate all the values in 'OnModelCreating' using 'HasColumnType', specify precision and scale using 'HasPrecision', or configure a value converter using 'HasConversion'.
2026-05-18 12:55:49.306 +03:00 [WRN] No store type was specified for the decimal property 'DailyBudget' on entity type 'Campaigns'. This will cause values to be silently truncated if they do not fit in the default precision and scale. Explicitly specify the SQL server column type that can accommodate all the values in 'OnModelCreating' using 'HasColumnType', specify precision and scale using 'HasPrecision', or configure a value converter using 'HasConversion'.
2026-05-18 12:55:49.310 +03:00 [WRN] No store type was specified for the decimal property 'Price' on entity type 'Contract'. This will cause values to be silently truncated if they do not fit in the default precision and scale. Explicitly specify the SQL server column type that can accommodate all the values in 'OnModelCreating' using 'HasColumnType', specify precision and scale using 'HasPrecision', or configure a value converter using 'HasConversion'.
2026-05-18 12:55:49.313 +03:00 [WRN] No store type was specified for the decimal property 'Value' on entity type 'Deal'. This will cause values to be silently truncated if they do not fit in the default precision and scale. Explicitly specify the SQL server column type that can accommodate all the values in 'OnModelCreating' using 'HasColumnType', specify precision and scale using 'HasPrecision', or configure a value converter using 'HasConversion'.
2026-05-18 12:55:49.316 +03:00 [WRN] No store type was specified for the decimal property 'Discount' on entity type 'PriceQuotation'. This will cause values to be silently truncated if they do not fit in the default precision and scale. Explicitly specify the SQL server column type that can accommodate all the values in 'OnModelCreating' using 'HasColumnType', specify precision and scale using 'HasPrecision', or configure a value converter using 'HasConversion'.
2026-05-18 12:55:49.319 +03:00 [WRN] No store type was specified for the decimal property 'NetTotal' on entity type 'PriceQuotation'. This will cause values to be silently truncated if they do not fit in the default precision and scale. Explicitly specify the SQL server column type that can accommodate all the values in 'OnModelCreating' using 'HasColumnType', specify precision and scale using 'HasPrecision', or configure a value converter using 'HasConversion'.
2026-05-18 12:55:49.321 +03:00 [WRN] No store type was specified for the decimal property 'SubTotal' on entity type 'PriceQuotation'. This will cause values to be silently truncated if they do not fit in the default precision and scale. Explicitly specify the SQL server column type that can accommodate all the values in 'OnModelCreating' using 'HasColumnType', specify precision and scale using 'HasPrecision', or configure a value converter using 'HasConversion'.
2026-05-18 12:55:49.323 +03:00 [WRN] No store type was specified for the decimal property 'TotalPrice' on entity type 'PriceQuotationDetails'. This will cause values to be silently truncated if they do not fit in the default precision and scale. Explicitly specify the SQL server column type that can accommodate all the values in 'OnModelCreating' using 'HasColumnType', specify precision and scale using 'HasPrecision', or configure a value converter using 'HasConversion'.
2026-05-18 12:55:49.325 +03:00 [WRN] No store type was specified for the decimal property 'UnitPrice' on entity type 'PriceQuotationDetails'. This will cause values to be silently truncated if they do not fit in the default precision and scale. Explicitly specify the SQL server column type that can accommodate all the values in 'OnModelCreating' using 'HasColumnType', specify precision and scale using 'HasPrecision', or configure a value converter using 'HasConversion'.
2026-05-18 12:55:51.952 +03:00 [INF] Start installing Hangfire SQL objects...
2026-05-18 12:55:52.213 +03:00 [INF] Hangfire SQL objects installed.
2026-05-18 12:55:52.690 +03:00 [INF] Now listening on: http://localhost:5210
2026-05-18 12:55:52.771 +03:00 [INF] Application started. Press Ctrl+C to shut down.
2026-05-18 12:55:52.784 +03:00 [INF] Hosting environment: Development
2026-05-18 12:55:52.786 +03:00 [INF] Content root path: E:\TheOneCRM\TheOneCRM
2026-05-18 12:56:25.550 +03:00 [WRN] Failed to determine the https port for redirect.
2026-05-18 13:58:58.569 +03:00 [WRN] No store type was specified for the decimal property 'Budget' on entity type 'Campaigns'. This will cause values to be silently truncated if they do not fit in the default precision and scale. Explicitly specify the SQL server column type that can accommodate all the values in 'OnModelCreating' using 'HasColumnType', specify precision and scale using 'HasPrecision', or configure a value converter using 'HasConversion'.
2026-05-18 13:58:58.631 +03:00 [WRN] No store type was specified for the decimal property 'DailyBudget' on entity type 'Campaigns'. This will cause values to be silently truncated if they do not fit in the default precision and scale. Explicitly specify the SQL server column type that can accommodate all the values in 'OnModelCreating' using 'HasColumnType', specify precision and scale using 'HasPrecision', or configure a value converter using 'HasConversion'.
2026-05-18 13:58:58.635 +03:00 [WRN] No store type was specified for the decimal property 'Price' on entity type 'Contract'. This will cause values to be silently truncated if they do not fit in the default precision and scale. Explicitly specify the SQL server column type that can accommodate all the values in 'OnModelCreating' using 'HasColumnType', specify precision and scale using 'HasPrecision', or configure a value converter using 'HasConversion'.
2026-05-18 13:58:58.637 +03:00 [WRN] No store type was specified for the decimal property 'Value' on entity type 'Deal'. This will cause values to be silently truncated if they do not fit in the default precision and scale. Explicitly specify the SQL server column type that can accommodate all the values in 'OnModelCreating' using 'HasColumnType', specify precision and scale using 'HasPrecision', or configure a value converter using 'HasConversion'.
2026-05-18 13:58:58.641 +03:00 [WRN] No store type was specified for the decimal property 'Discount' on entity type 'PriceQuotation'. This will cause values to be silently truncated if they do not fit in the default precision and scale. Explicitly specify the SQL server column type that can accommodate all the values in 'OnModelCreating' using 'HasColumnType', specify precision and scale using 'HasPrecision', or configure a value converter using 'HasConversion'.
2026-05-18 13:58:58.643 +03:00 [WRN] No store type was specified for the decimal property 'NetTotal' on entity type 'PriceQuotation'. This will cause values to be silently truncated if they do not fit in the default precision and scale. Explicitly specify the SQL server column type that can accommodate all the values in 'OnModelCreating' using 'HasColumnType', specify precision and scale using 'HasPrecision', or configure a value converter using 'HasConversion'.
2026-05-18 13:58:58.646 +03:00 [WRN] No store type was specified for the decimal property 'SubTotal' on entity type 'PriceQuotation'. This will cause values to be silently truncated if they do not fit in the default precision and scale. Explicitly specify the SQL server column type that can accommodate all the values in 'OnModelCreating' using 'HasColumnType', specify precision and scale using 'HasPrecision', or configure a value converter using 'HasConversion'.
2026-05-18 13:58:58.648 +03:00 [WRN] No store type was specified for the decimal property 'TotalPrice' on entity type 'PriceQuotationDetails'. This will cause values to be silently truncated if they do not fit in the default precision and scale. Explicitly specify the SQL server column type that can accommodate all the values in 'OnModelCreating' using 'HasColumnType', specify precision and scale using 'HasPrecision', or configure a value converter using 'HasConversion'.
2026-05-18 13:58:58.651 +03:00 [WRN] No store type was specified for the decimal property 'UnitPrice' on entity type 'PriceQuotationDetails'. This will cause values to be silently truncated if they do not fit in the default precision and scale. Explicitly specify the SQL server column type that can accommodate all the values in 'OnModelCreating' using 'HasColumnType', specify precision and scale using 'HasPrecision', or configure a value converter using 'HasConversion'.
2026-05-18 13:59:01.372 +03:00 [INF] Start installing Hangfire SQL objects...
2026-05-18 13:59:01.654 +03:00 [INF] Hangfire SQL objects installed.
2026-05-18 13:59:02.184 +03:00 [INF] Now listening on: http://localhost:5210
2026-05-18 13:59:02.278 +03:00 [INF] Application started. Press Ctrl+C to shut down.
2026-05-18 13:59:02.282 +03:00 [INF] Hosting environment: Development
2026-05-18 13:59:02.301 +03:00 [INF] Content root path: E:\TheOneCRM\TheOneCRM
2026-05-18 13:59:22.098 +03:00 [WRN] Failed to determine the https port for redirect.
2026-05-18 14:28:32.058 +03:00 [WRN] No store type was specified for the decimal property 'Budget' on entity type 'Campaigns'. This will cause values to be silently truncated if they do not fit in the default precision and scale. Explicitly specify the SQL server column type that can accommodate all the values in 'OnModelCreating' using 'HasColumnType', specify precision and scale using 'HasPrecision', or configure a value converter using 'HasConversion'.
2026-05-18 14:28:32.121 +03:00 [WRN] No store type was specified for the decimal property 'DailyBudget' on entity type 'Campaigns'. This will cause values to be silently truncated if they do not fit in the default precision and scale. Explicitly specify the SQL server column type that can accommodate all the values in 'OnModelCreating' using 'HasColumnType', specify precision and scale using 'HasPrecision', or configure a value converter using 'HasConversion'.
2026-05-18 14:28:32.125 +03:00 [WRN] No store type was specified for the decimal property 'Price' on entity type 'Contract'. This will cause values to be silently truncated if they do not fit in the default precision and scale. Explicitly specify the SQL server column type that can accommodate all the values in 'OnModelCreating' using 'HasColumnType', specify precision and scale using 'HasPrecision', or configure a value converter using 'HasConversion'.
2026-05-18 14:28:32.128 +03:00 [WRN] No store type was specified for the decimal property 'Value' on entity type 'Deal'. This will cause values to be silently truncated if they do not fit in the default precision and scale. Explicitly specify the SQL server column type that can accommodate all the values in 'OnModelCreating' using 'HasColumnType', specify precision and scale using 'HasPrecision', or configure a value converter using 'HasConversion'.
2026-05-18 14:28:32.131 +03:00 [WRN] No store type was specified for the decimal property 'Discount' on entity type 'PriceQuotation'. This will cause values to be silently truncated if they do not fit in the default precision and scale. Explicitly specify the SQL server column type that can accommodate all the values in 'OnModelCreating' using 'HasColumnType', specify precision and scale using 'HasPrecision', or configure a value converter using 'HasConversion'.
2026-05-18 14:28:32.133 +03:00 [WRN] No store type was specified for the decimal property 'NetTotal' on entity type 'PriceQuotation'. This will cause values to be silently truncated if they do not fit in the default precision and scale. Explicitly specify the SQL server column type that can accommodate all the values in 'OnModelCreating' using 'HasColumnType', specify precision and scale using 'HasPrecision', or configure a value converter using 'HasConversion'.
2026-05-18 14:28:32.135 +03:00 [WRN] No store type was specified for the decimal property 'SubTotal' on entity type 'PriceQuotation'. This will cause values to be silently truncated if they do not fit in the default precision and scale. Explicitly specify the SQL server column type that can accommodate all the values in 'OnModelCreating' using 'HasColumnType', specify precision and scale using 'HasPrecision', or configure a value converter using 'HasConversion'.
2026-05-18 14:28:32.137 +03:00 [WRN] No store type was specified for the decimal property 'TotalPrice' on entity type 'PriceQuotationDetails'. This will cause values to be silently truncated if they do not fit in the default precision and scale. Explicitly specify the SQL server column type that can accommodate all the values in 'OnModelCreating' using 'HasColumnType', specify precision and scale using 'HasPrecision', or configure a value converter using 'HasConversion'.
2026-05-18 14:28:32.139 +03:00 [WRN] No store type was specified for the decimal property 'UnitPrice' on entity type 'PriceQuotationDetails'. This will cause values to be silently truncated if they do not fit in the default precision and scale. Explicitly specify the SQL server column type that can accommodate all the values in 'OnModelCreating' using 'HasColumnType', specify precision and scale using 'HasPrecision', or configure a value converter using 'HasConversion'.
2026-05-18 14:28:34.783 +03:00 [INF] Start installing Hangfire SQL objects...
2026-05-18 14:28:35.064 +03:00 [INF] Hangfire SQL objects installed.
2026-05-18 14:28:35.615 +03:00 [INF] Now listening on: http://localhost:5210
2026-05-18 14:28:35.699 +03:00 [INF] Application started. Press Ctrl+C to shut down.
2026-05-18 14:28:35.715 +03:00 [INF] Hosting environment: Development
2026-05-18 14:28:35.716 +03:00 [INF] Content root path: E:\TheOneCRM\TheOneCRM
2026-05-18 14:28:57.968 +03:00 [WRN] Failed to determine the https port for redirect.
2026-05-18 14:29:00.759 +03:00 [WRN] Compiling a query which loads related collections for more than one collection navigation, either via 'Include' or through projection, but no 'QuerySplittingBehavior' has been configured. By default, Entity Framework will use 'QuerySplittingBehavior.SingleQuery', which can potentially result in slow query performance. See https://go.microsoft.com/fwlink/?linkid=2134277 for more information. To identify the query that's triggering this warning call 'ConfigureWarnings(w => w.Throw(RelationalEventId.MultipleCollectionIncludeWarning))'.
2026-05-18 14:35:04.034 +03:00 [WRN] No store type was specified for the decimal property 'Budget' on entity type 'Campaigns'. This will cause values to be silently truncated if they do not fit in the default precision and scale. Explicitly specify the SQL server column type that can accommodate all the values in 'OnModelCreating' using 'HasColumnType', specify precision and scale using 'HasPrecision', or configure a value converter using 'HasConversion'.
2026-05-18 14:35:04.089 +03:00 [WRN] No store type was specified for the decimal property 'DailyBudget' on entity type 'Campaigns'. This will cause values to be silently truncated if they do not fit in the default precision and scale. Explicitly specify the SQL server column type that can accommodate all the values in 'OnModelCreating' using 'HasColumnType', specify precision and scale using 'HasPrecision', or configure a value converter using 'HasConversion'.
2026-05-18 14:35:04.093 +03:00 [WRN] No store type was specified for the decimal property 'Price' on entity type 'Contract'. This will cause values to be silently truncated if they do not fit in the default precision and scale. Explicitly specify the SQL server column type that can accommodate all the values in 'OnModelCreating' using 'HasColumnType', specify precision and scale using 'HasPrecision', or configure a value converter using 'HasConversion'.
2026-05-18 14:35:04.096 +03:00 [WRN] No store type was specified for the decimal property 'Value' on entity type 'Deal'. This will cause values to be silently truncated if they do not fit in the default precision and scale. Explicitly specify the SQL server column type that can accommodate all the values in 'OnModelCreating' using 'HasColumnType', specify precision and scale using 'HasPrecision', or configure a value converter using 'HasConversion'.
2026-05-18 14:35:04.098 +03:00 [WRN] No store type was specified for the decimal property 'Discount' on entity type 'PriceQuotation'. This will cause values to be silently truncated if they do not fit in the default precision and scale. Explicitly specify the SQL server column type that can accommodate all the values in 'OnModelCreating' using 'HasColumnType', specify precision and scale using 'HasPrecision', or configure a value converter using 'HasConversion'.
2026-05-18 14:35:04.101 +03:00 [WRN] No store type was specified for the decimal property 'NetTotal' on entity type 'PriceQuotation'. This will cause values to be silently truncated if they do not fit in the default precision and scale. Explicitly specify the SQL server column type that can accommodate all the values in 'OnModelCreating' using 'HasColumnType', specify precision and scale using 'HasPrecision', or configure a value converter using 'HasConversion'.
2026-05-18 14:35:04.104 +03:00 [WRN] No store type was specified for the decimal property 'SubTotal' on entity type 'PriceQuotation'. This will cause values to be silently truncated if they do not fit in the default precision and scale. Explicitly specify the SQL server column type that can accommodate all the values in 'OnModelCreating' using 'HasColumnType', specify precision and scale using 'HasPrecision', or configure a value converter using 'HasConversion'.
2026-05-18 14:35:04.106 +03:00 [WRN] No store type was specified for the decimal property 'TotalPrice' on entity type 'PriceQuotationDetails'. This will cause values to be silently truncated if they do not fit in the default precision and scale. Explicitly specify the SQL server column type that can accommodate all the values in 'OnModelCreating' using 'HasColumnType', specify precision and scale using 'HasPrecision', or configure a value converter using 'HasConversion'.
2026-05-18 14:35:04.109 +03:00 [WRN] No store type was specified for the decimal property 'UnitPrice' on entity type 'PriceQuotationDetails'. This will cause values to be silently truncated if they do not fit in the default precision and scale. Explicitly specify the SQL server column type that can accommodate all the values in 'OnModelCreating' using 'HasColumnType', specify precision and scale using 'HasPrecision', or configure a value converter using 'HasConversion'.
2026-05-18 14:35:06.858 +03:00 [INF] Start installing Hangfire SQL objects...
2026-05-18 14:35:07.130 +03:00 [INF] Hangfire SQL objects installed.
2026-05-18 14:35:07.616 +03:00 [INF] Now listening on: http://localhost:5210
2026-05-18 14:35:07.689 +03:00 [INF] Application started. Press Ctrl+C to shut down.
2026-05-18 14:35:07.691 +03:00 [INF] Hosting environment: Development
2026-05-18 14:35:07.693 +03:00 [INF] Content root path: E:\TheOneCRM\TheOneCRM
2026-05-18 14:35:20.215 +03:00 [WRN] Failed to determine the https port for redirect.
2026-05-18 14:35:22.427 +03:00 [WRN] Compiling a query which loads related collections for more than one collection navigation, either via 'Include' or through projection, but no 'QuerySplittingBehavior' has been configured. By default, Entity Framework will use 'QuerySplittingBehavior.SingleQuery', which can potentially result in slow query performance. See https://go.microsoft.com/fwlink/?linkid=2134277 for more information. To identify the query that's triggering this warning call 'ConfigureWarnings(w => w.Throw(RelationalEventId.MultipleCollectionIncludeWarning))'.
2026-05-18 14:49:57.384 +03:00 [WRN] No store type was specified for the decimal property 'Budget' on entity type 'Campaigns'. This will cause values to be silently truncated if they do not fit in the default precision and scale. Explicitly specify the SQL server column type that can accommodate all the values in 'OnModelCreating' using 'HasColumnType', specify precision and scale using 'HasPrecision', or configure a value converter using 'HasConversion'.
2026-05-18 14:49:57.439 +03:00 [WRN] No store type was specified for the decimal property 'DailyBudget' on entity type 'Campaigns'. This will cause values to be silently truncated if they do not fit in the default precision and scale. Explicitly specify the SQL server column type that can accommodate all the values in 'OnModelCreating' using 'HasColumnType', specify precision and scale using 'HasPrecision', or configure a value converter using 'HasConversion'.
2026-05-18 14:49:57.444 +03:00 [WRN] No store type was specified for the decimal property 'Price' on entity type 'Contract'. This will cause values to be silently truncated if they do not fit in the default precision and scale. Explicitly specify the SQL server column type that can accommodate all the values in 'OnModelCreating' using 'HasColumnType', specify precision and scale using 'HasPrecision', or configure a value converter using 'HasConversion'.
2026-05-18 14:49:57.449 +03:00 [WRN] No store type was specified for the decimal property 'Value' on entity type 'Deal'. This will cause values to be silently truncated if they do not fit in the default precision and scale. Explicitly specify the SQL server column type that can accommodate all the values in 'OnModelCreating' using 'HasColumnType', specify precision and scale using 'HasPrecision', or configure a value converter using 'HasConversion'.
2026-05-18 14:49:57.461 +03:00 [WRN] No store type was specified for the decimal property 'Discount' on entity type 'PriceQuotation'. This will cause values to be silently truncated if they do not fit in the default precision and scale. Explicitly specify the SQL server column type that can accommodate all the values in 'OnModelCreating' using 'HasColumnType', specify precision and scale using 'HasPrecision', or configure a value converter using 'HasConversion'.
2026-05-18 14:49:57.464 +03:00 [WRN] No store type was specified for the decimal property 'NetTotal' on entity type 'PriceQuotation'. This will cause values to be silently truncated if they do not fit in the default precision and scale. Explicitly specify the SQL server column type that can accommodate all the values in 'OnModelCreating' using 'HasColumnType', specify precision and scale using 'HasPrecision', or configure a value converter using 'HasConversion'.
2026-05-18 14:49:57.469 +03:00 [WRN] No store type was specified for the decimal property 'SubTotal' on entity type 'PriceQuotation'. This will cause values to be silently truncated if they do not fit in the default precision and scale. Explicitly specify the SQL server column type that can accommodate all the values in 'OnModelCreating' using 'HasColumnType', specify precision and scale using 'HasPrecision', or configure a value converter using 'HasConversion'.
2026-05-18 14:49:57.473 +03:00 [WRN] No store type was specified for the decimal property 'TotalPrice' on entity type 'PriceQuotationDetails'. This will cause values to be silently truncated if they do not fit in the default precision and scale. Explicitly specify the SQL server column type that can accommodate all the values in 'OnModelCreating' using 'HasColumnType', specify precision and scale using 'HasPrecision', or configure a value converter using 'HasConversion'.
2026-05-18 14:49:57.477 +03:00 [WRN] No store type was specified for the decimal property 'UnitPrice' on entity type 'PriceQuotationDetails'. This will cause values to be silently truncated if they do not fit in the default precision and scale. Explicitly specify the SQL server column type that can accommodate all the values in 'OnModelCreating' using 'HasColumnType', specify precision and scale using 'HasPrecision', or configure a value converter using 'HasConversion'.
2026-05-18 14:50:00.327 +03:00 [INF] Start installing Hangfire SQL objects...
2026-05-18 14:50:00.637 +03:00 [INF] Hangfire SQL objects installed.
2026-05-18 14:50:01.151 +03:00 [INF] Now listening on: http://localhost:5210
2026-05-18 14:50:01.238 +03:00 [INF] Application started. Press Ctrl+C to shut down.
2026-05-18 14:50:01.240 +03:00 [INF] Hosting environment: Development
2026-05-18 14:50:01.243 +03:00 [INF] Content root path: E:\TheOneCRM\TheOneCRM
2026-05-18 14:51:36.076 +03:00 [WRN] Failed to determine the https port for redirect.
2026-05-18 15:06:42.064 +03:00 [WRN] No store type was specified for the decimal property 'Budget' on entity type 'Campaigns'. This will cause values to be silently truncated if they do not fit in the default precision and scale. Explicitly specify the SQL server column type that can accommodate all the values in 'OnModelCreating' using 'HasColumnType', specify precision and scale using 'HasPrecision', or configure a value converter using 'HasConversion'.
2026-05-18 15:06:42.126 +03:00 [WRN] No store type was specified for the decimal property 'DailyBudget' on entity type 'Campaigns'. This will cause values to be silently truncated if they do not fit in the default precision and scale. Explicitly specify the SQL server column type that can accommodate all the values in 'OnModelCreating' using 'HasColumnType', specify precision and scale using 'HasPrecision', or configure a value converter using 'HasConversion'.
2026-05-18 15:06:42.130 +03:00 [WRN] No store type was specified for the decimal property 'Price' on entity type 'Contract'. This will cause values to be silently truncated if they do not fit in the default precision and scale. Explicitly specify the SQL server column type that can accommodate all the values in 'OnModelCreating' using 'HasColumnType', specify precision and scale using 'HasPrecision', or configure a value converter using 'HasConversion'.
2026-05-18 15:06:42.133 +03:00 [WRN] No store type was specified for the decimal property 'Value' on entity type 'Deal'. This will cause values to be silently truncated if they do not fit in the default precision and scale. Explicitly specify the SQL server column type that can accommodate all the values in 'OnModelCreating' using 'HasColumnType', specify precision and scale using 'HasPrecision', or configure a value converter using 'HasConversion'.
2026-05-18 15:06:42.135 +03:00 [WRN] No store type was specified for the decimal property 'Discount' on entity type 'PriceQuotation'. This will cause values to be silently truncated if they do not fit in the default precision and scale. Explicitly specify the SQL server column type that can accommodate all the values in 'OnModelCreating' using 'HasColumnType', specify precision and scale using 'HasPrecision', or configure a value converter using 'HasConversion'.
2026-05-18 15:06:42.137 +03:00 [WRN] No store type was specified for the decimal property 'NetTotal' on entity type 'PriceQuotation'. This will cause values to be silently truncated if they do not fit in the default precision and scale. Explicitly specify the SQL server column type that can accommodate all the values in 'OnModelCreating' using 'HasColumnType', specify precision and scale using 'HasPrecision', or configure a value converter using 'HasConversion'.
2026-05-18 15:06:42.139 +03:00 [WRN] No store type was specified for the decimal property 'SubTotal' on entity type 'PriceQuotation'. This will cause values to be silently truncated if they do not fit in the default precision and scale. Explicitly specify the SQL server column type that can accommodate all the values in 'OnModelCreating' using 'HasColumnType', specify precision and scale using 'HasPrecision', or configure a value converter using 'HasConversion'.
2026-05-18 15:06:42.141 +03:00 [WRN] No store type was specified for the decimal property 'TotalPrice' on entity type 'PriceQuotationDetails'. This will cause values to be silently truncated if they do not fit in the default precision and scale. Explicitly specify the SQL server column type that can accommodate all the values in 'OnModelCreating' using 'HasColumnType', specify precision and scale using 'HasPrecision', or configure a value converter using 'HasConversion'.
2026-05-18 15:06:42.143 +03:00 [WRN] No store type was specified for the decimal property 'UnitPrice' on entity type 'PriceQuotationDetails'. This will cause values to be silently truncated if they do not fit in the default precision and scale. Explicitly specify the SQL server column type that can accommodate all the values in 'OnModelCreating' using 'HasColumnType', specify precision and scale using 'HasPrecision', or configure a value converter using 'HasConversion'.
2026-05-18 15:06:56.804 +03:00 [ERR] ❌ Error while migrating or seeding the database
Microsoft.Data.SqlClient.SqlException (0x80131904): A network-related or instance-specific error occurred while establishing a connection to SQL Server. The server was not found or was not accessible. Verify that the instance name is correct and that SQL Server is configured to allow remote connections. (provider: Named Pipes Provider, error: 40 - Could not open a connection to SQL Server)
 ---> System.ComponentModel.Win32Exception (53): The network path was not found.
   at Microsoft.Data.SqlClient.SqlInternalConnection.OnError(SqlException exception, Boolean breakConnection, Action`1 wrapCloseInAction)
   at Microsoft.Data.SqlClient.TdsParser.ThrowExceptionAndWarning(TdsParserStateObject stateObj, Boolean callerHasConnectionLock, Boolean asyncClose)
   at Microsoft.Data.SqlClient.TdsParser.Connect(ServerInfo serverInfo, SqlInternalConnectionTds connHandler, Boolean ignoreSniOpenTimeout, Int64 timerExpire, SqlConnectionString connectionOptions, Boolean withFailover)
   at Microsoft.Data.SqlClient.SqlInternalConnectionTds.AttemptOneLogin(ServerInfo serverInfo, String newPassword, SecureString newSecurePassword, Boolean ignoreSniOpenTimeout, TimeoutTimer timeout, Boolean withFailover)
   at Microsoft.Data.SqlClient.SqlInternalConnectionTds.LoginNoFailover(ServerInfo serverInfo, String newPassword, SecureString newSecurePassword, Boolean redirectedUserInstance, SqlConnectionString connectionOptions, SqlCredential credential, TimeoutTimer timeout)
   at Microsoft.Data.SqlClient.SqlInternalConnectionTds.OpenLoginEnlist(TimeoutTimer timeout, SqlConnectionString connectionOptions, SqlCredential credential, String newPassword, SecureString newSecurePassword, Boolean redirectedUserInstance)
   at Microsoft.Data.SqlClient.SqlInternalConnectionTds..ctor(DbConnectionPoolIdentity identity, SqlConnectionString connectionOptions, SqlCredential credential, Object providerInfo, String newPassword, SecureString newSecurePassword, Boolean redirectedUserInstance, SqlConnectionString userConnectionOptions, SessionData reconnectSessionData, Boolean applyTransientFaultHandling, String accessToken, DbConnectionPool pool)
   at Microsoft.Data.SqlClient.SqlConnectionFactory.CreateConnection(DbConnectionOptions options, DbConnectionPoolKey poolKey, Object poolGroupProviderInfo, DbConnectionPool pool, DbConnection owningConnection, DbConnectionOptions userOptions)
   at Microsoft.Data.ProviderBase.DbConnectionFactory.CreatePooledConnection(DbConnectionPool pool, DbConnection owningObject, DbConnectionOptions options, DbConnectionPoolKey poolKey, DbConnectionOptions userOptions)
   at Microsoft.Data.ProviderBase.DbConnectionPool.CreateObject(DbConnection owningObject, DbConnectionOptions userOptions, DbConnectionInternal oldConnection)
   at Microsoft.Data.ProviderBase.DbConnectionPool.UserCreateRequest(DbConnection owningObject, DbConnectionOptions userOptions, DbConnectionInternal oldConnection)
   at Microsoft.Data.ProviderBase.DbConnectionPool.TryGetConnection(DbConnection owningObject, UInt32 waitForMultipleObjectsTimeout, Boolean allowCreate, Boolean onlyOneCheckConnection, DbConnectionOptions userOptions, DbConnectionInternal& connection)
   at Microsoft.Data.ProviderBase.DbConnectionPool.WaitForPendingOpen()
--- End of stack trace from previous location ---
   at Microsoft.EntityFrameworkCore.Storage.RelationalConnection.OpenInternalAsync(Boolean errorsExpected, CancellationToken cancellationToken)
   at Microsoft.EntityFrameworkCore.Storage.RelationalConnection.OpenInternalAsync(Boolean errorsExpected, CancellationToken cancellationToken)
   at Microsoft.EntityFrameworkCore.Storage.RelationalConnection.OpenAsync(CancellationToken cancellationToken, Boolean errorsExpected)
   at Microsoft.EntityFrameworkCore.SqlServer.Storage.Internal.SqlServerDatabaseCreator.<>c__DisplayClass20_0.<<ExistsAsync>b__0>d.MoveNext()
--- End of stack trace from previous location ---
   at Microsoft.EntityFrameworkCore.SqlServer.Storage.Internal.SqlServerDatabaseCreator.<>c__DisplayClass20_0.<<ExistsAsync>b__0>d.MoveNext()
--- End of stack trace from previous location ---
   at Microsoft.EntityFrameworkCore.SqlServer.Storage.Internal.SqlServerDatabaseCreator.<>c__DisplayClass20_0.<<ExistsAsync>b__0>d.MoveNext()
--- End of stack trace from previous location ---
   at Microsoft.EntityFrameworkCore.SqlServer.Storage.Internal.SqlServerExecutionStrategy.ExecuteAsync[TState,TResult](TState state, Func`4 operation, Func`4 verifySucceeded, CancellationToken cancellationToken)
   at Microsoft.EntityFrameworkCore.Migrations.HistoryRepository.ExistsAsync(CancellationToken cancellationToken)
   at Microsoft.EntityFrameworkCore.Migrations.Internal.Migrator.MigrateAsync(String targetMigration, CancellationToken cancellationToken)
   at TheOneCRM.Program.Main(String[] args) in E:\TheOneCRM\TheOneCRM\Program.cs:line 95
ClientConnectionId:00000000-0000-0000-0000-000000000000
Error Number:53,State:0,Class:20
2026-05-18 15:07:24.566 +03:00 [WRN] No store type was specified for the decimal property 'Budget' on entity type 'Campaigns'. This will cause values to be silently truncated if they do not fit in the default precision and scale. Explicitly specify the SQL server column type that can accommodate all the values in 'OnModelCreating' using 'HasColumnType', specify precision and scale using 'HasPrecision', or configure a value converter using 'HasConversion'.
2026-05-18 15:07:24.619 +03:00 [WRN] No store type was specified for the decimal property 'DailyBudget' on entity type 'Campaigns'. This will cause values to be silently truncated if they do not fit in the default precision and scale. Explicitly specify the SQL server column type that can accommodate all the values in 'OnModelCreating' using 'HasColumnType', specify precision and scale using 'HasPrecision', or configure a value converter using 'HasConversion'.
2026-05-18 15:07:24.623 +03:00 [WRN] No store type was specified for the decimal property 'Price' on entity type 'Contract'. This will cause values to be silently truncated if they do not fit in the default precision and scale. Explicitly specify the SQL server column type that can accommodate all the values in 'OnModelCreating' using 'HasColumnType', specify precision and scale using 'HasPrecision', or configure a value converter using 'HasConversion'.
2026-05-18 15:07:24.626 +03:00 [WRN] No store type was specified for the decimal property 'Value' on entity type 'Deal'. This will cause values to be silently truncated if they do not fit in the default precision and scale. Explicitly specify the SQL server column type that can accommodate all the values in 'OnModelCreating' using 'HasColumnType', specify precision and scale using 'HasPrecision', or configure a value converter using 'HasConversion'.
2026-05-18 15:07:24.628 +03:00 [WRN] No store type was specified for the decimal property 'Discount' on entity type 'PriceQuotation'. This will cause values to be silently truncated if they do not fit in the default precision and scale. Explicitly specify the SQL server column type that can accommodate all the values in 'OnModelCreating' using 'HasColumnType', specify precision and scale using 'HasPrecision', or configure a value converter using 'HasConversion'.
2026-05-18 15:07:24.631 +03:00 [WRN] No store type was specified for the decimal property 'NetTotal' on entity type 'PriceQuotation'. This will cause values to be silently truncated if they do not fit in the default precision and scale. Explicitly specify the SQL server column type that can accommodate all the values in 'OnModelCreating' using 'HasColumnType', specify precision and scale using 'HasPrecision', or configure a value converter using 'HasConversion'.
2026-05-18 15:07:24.633 +03:00 [WRN] No store type was specified for the decimal property 'SubTotal' on entity type 'PriceQuotation'. This will cause values to be silently truncated if they do not fit in the default precision and scale. Explicitly specify the SQL server column type that can accommodate all the values in 'OnModelCreating' using 'HasColumnType', specify precision and scale using 'HasPrecision', or configure a value converter using 'HasConversion'.
2026-05-18 15:07:24.635 +03:00 [WRN] No store type was specified for the decimal property 'TotalPrice' on entity type 'PriceQuotationDetails'. This will cause values to be silently truncated if they do not fit in the default precision and scale. Explicitly specify the SQL server column type that can accommodate all the values in 'OnModelCreating' using 'HasColumnType', specify precision and scale using 'HasPrecision', or configure a value converter using 'HasConversion'.
2026-05-18 15:07:24.638 +03:00 [WRN] No store type was specified for the decimal property 'UnitPrice' on entity type 'PriceQuotationDetails'. This will cause values to be silently truncated if they do not fit in the default precision and scale. Explicitly specify the SQL server column type that can accommodate all the values in 'OnModelCreating' using 'HasColumnType', specify precision and scale using 'HasPrecision', or configure a value converter using 'HasConversion'.
2026-05-18 15:07:34.583 +03:00 [INF] Start installing Hangfire SQL objects...
2026-05-18 15:07:34.872 +03:00 [INF] Hangfire SQL objects installed.
2026-05-18 15:07:35.355 +03:00 [INF] Now listening on: http://localhost:5210
2026-05-18 15:07:35.457 +03:00 [INF] Application started. Press Ctrl+C to shut down.
2026-05-18 15:07:35.459 +03:00 [INF] Hosting environment: Development
2026-05-18 15:07:35.461 +03:00 [INF] Content root path: E:\TheOneCRM\TheOneCRM
2026-05-18 15:07:53.912 +03:00 [WRN] Failed to determine the https port for redirect.
2026-05-18 15:08:23.903 +03:00 [WRN] Compiling a query which loads related collections for more than one collection navigation, either via 'Include' or through projection, but no 'QuerySplittingBehavior' has been configured. By default, Entity Framework will use 'QuerySplittingBehavior.SingleQuery', which can potentially result in slow query performance. See https://go.microsoft.com/fwlink/?linkid=2134277 for more information. To identify the query that's triggering this warning call 'ConfigureWarnings(w => w.Throw(RelationalEventId.MultipleCollectionIncludeWarning))'.
2026-05-18 15:11:40.313 +03:00 [WRN] No store type was specified for the decimal property 'Budget' on entity type 'Campaigns'. This will cause values to be silently truncated if they do not fit in the default precision and scale. Explicitly specify the SQL server column type that can accommodate all the values in 'OnModelCreating' using 'HasColumnType', specify precision and scale using 'HasPrecision', or configure a value converter using 'HasConversion'.
2026-05-18 15:11:40.367 +03:00 [WRN] No store type was specified for the decimal property 'DailyBudget' on entity type 'Campaigns'. This will cause values to be silently truncated if they do not fit in the default precision and scale. Explicitly specify the SQL server column type that can accommodate all the values in 'OnModelCreating' using 'HasColumnType', specify precision and scale using 'HasPrecision', or configure a value converter using 'HasConversion'.
2026-05-18 15:11:40.371 +03:00 [WRN] No store type was specified for the decimal property 'Price' on entity type 'Contract'. This will cause values to be silently truncated if they do not fit in the default precision and scale. Explicitly specify the SQL server column type that can accommodate all the values in 'OnModelCreating' using 'HasColumnType', specify precision and scale using 'HasPrecision', or configure a value converter using 'HasConversion'.
2026-05-18 15:11:40.374 +03:00 [WRN] No store type was specified for the decimal property 'Value' on entity type 'Deal'. This will cause values to be silently truncated if they do not fit in the default precision and scale. Explicitly specify the SQL server column type that can accommodate all the values in 'OnModelCreating' using 'HasColumnType', specify precision and scale using 'HasPrecision', or configure a value converter using 'HasConversion'.
2026-05-18 15:11:40.377 +03:00 [WRN] No store type was specified for the decimal property 'Discount' on entity type 'PriceQuotation'. This will cause values to be silently truncated if they do not fit in the default precision and scale. Explicitly specify the SQL server column type that can accommodate all the values in 'OnModelCreating' using 'HasColumnType', specify precision and scale using 'HasPrecision', or configure a value converter using 'HasConversion'.
2026-05-18 15:11:40.379 +03:00 [WRN] No store type was specified for the decimal property 'NetTotal' on entity type 'PriceQuotation'. This will cause values to be silently truncated if they do not fit in the default precision and scale. Explicitly specify the SQL server column type that can accommodate all the values in 'OnModelCreating' using 'HasColumnType', specify precision and scale using 'HasPrecision', or configure a value converter using 'HasConversion'.
2026-05-18 15:11:40.381 +03:00 [WRN] No store type was specified for the decimal property 'SubTotal' on entity type 'PriceQuotation'. This will cause values to be silently truncated if they do not fit in the default precision and scale. Explicitly specify the SQL server column type that can accommodate all the values in 'OnModelCreating' using 'HasColumnType', specify precision and scale using 'HasPrecision', or configure a value converter using 'HasConversion'.
2026-05-18 15:11:40.384 +03:00 [WRN] No store type was specified for the decimal property 'TotalPrice' on entity type 'PriceQuotationDetails'. This will cause values to be silently truncated if they do not fit in the default precision and scale. Explicitly specify the SQL server column type that can accommodate all the values in 'OnModelCreating' using 'HasColumnType', specify precision and scale using 'HasPrecision', or configure a value converter using 'HasConversion'.
2026-05-18 15:11:40.386 +03:00 [WRN] No store type was specified for the decimal property 'UnitPrice' on entity type 'PriceQuotationDetails'. This will cause values to be silently truncated if they do not fit in the default precision and scale. Explicitly specify the SQL server column type that can accommodate all the values in 'OnModelCreating' using 'HasColumnType', specify precision and scale using 'HasPrecision', or configure a value converter using 'HasConversion'.
2026-05-18 15:11:43.038 +03:00 [INF] Start installing Hangfire SQL objects...
2026-05-18 15:11:43.296 +03:00 [INF] Hangfire SQL objects installed.
2026-05-18 15:11:43.778 +03:00 [INF] Now listening on: http://localhost:5210
2026-05-18 15:11:43.873 +03:00 [INF] Application started. Press Ctrl+C to shut down.
2026-05-18 15:11:43.884 +03:00 [INF] Hosting environment: Development
2026-05-18 15:11:43.886 +03:00 [INF] Content root path: E:\TheOneCRM\TheOneCRM
2026-05-18 15:12:18.289 +03:00 [WRN] Failed to determine the https port for redirect.
2026-05-18 15:13:52.453 +03:00 [WRN] Compiling a query which loads related collections for more than one collection navigation, either via 'Include' or through projection, but no 'QuerySplittingBehavior' has been configured. By default, Entity Framework will use 'QuerySplittingBehavior.SingleQuery', which can potentially result in slow query performance. See https://go.microsoft.com/fwlink/?linkid=2134277 for more information. To identify the query that's triggering this warning call 'ConfigureWarnings(w => w.Throw(RelationalEventId.MultipleCollectionIncludeWarning))'.
2026-05-18 15:24:03.677 +03:00 [WRN] No store type was specified for the decimal property 'Budget' on entity type 'Campaigns'. This will cause values to be silently truncated if they do not fit in the default precision and scale. Explicitly specify the SQL server column type that can accommodate all the values in 'OnModelCreating' using 'HasColumnType', specify precision and scale using 'HasPrecision', or configure a value converter using 'HasConversion'.
2026-05-18 15:24:03.723 +03:00 [WRN] No store type was specified for the decimal property 'DailyBudget' on entity type 'Campaigns'. This will cause values to be silently truncated if they do not fit in the default precision and scale. Explicitly specify the SQL server column type that can accommodate all the values in 'OnModelCreating' using 'HasColumnType', specify precision and scale using 'HasPrecision', or configure a value converter using 'HasConversion'.
2026-05-18 15:24:03.723 +03:00 [WRN] No store type was specified for the decimal property 'Price' on entity type 'Contract'. This will cause values to be silently truncated if they do not fit in the default precision and scale. Explicitly specify the SQL server column type that can accommodate all the values in 'OnModelCreating' using 'HasColumnType', specify precision and scale using 'HasPrecision', or configure a value converter using 'HasConversion'.
2026-05-18 15:24:03.724 +03:00 [WRN] No store type was specified for the decimal property 'Value' on entity type 'Deal'. This will cause values to be silently truncated if they do not fit in the default precision and scale. Explicitly specify the SQL server column type that can accommodate all the values in 'OnModelCreating' using 'HasColumnType', specify precision and scale using 'HasPrecision', or configure a value converter using 'HasConversion'.
2026-05-18 15:24:03.724 +03:00 [WRN] No store type was specified for the decimal property 'Discount' on entity type 'PriceQuotation'. This will cause values to be silently truncated if they do not fit in the default precision and scale. Explicitly specify the SQL server column type that can accommodate all the values in 'OnModelCreating' using 'HasColumnType', specify precision and scale using 'HasPrecision', or configure a value converter using 'HasConversion'.
2026-05-18 15:24:03.724 +03:00 [WRN] No store type was specified for the decimal property 'NetTotal' on entity type 'PriceQuotation'. This will cause values to be silently truncated if they do not fit in the default precision and scale. Explicitly specify the SQL server column type that can accommodate all the values in 'OnModelCreating' using 'HasColumnType', specify precision and scale using 'HasPrecision', or configure a value converter using 'HasConversion'.
2026-05-18 15:24:03.724 +03:00 [WRN] No store type was specified for the decimal property 'SubTotal' on entity type 'PriceQuotation'. This will cause values to be silently truncated if they do not fit in the default precision and scale. Explicitly specify the SQL server column type that can accommodate all the values in 'OnModelCreating' using 'HasColumnType', specify precision and scale using 'HasPrecision', or configure a value converter using 'HasConversion'.
2026-05-18 15:24:03.724 +03:00 [WRN] No store type was specified for the decimal property 'TotalPrice' on entity type 'PriceQuotationDetails'. This will cause values to be silently truncated if they do not fit in the default precision and scale. Explicitly specify the SQL server column type that can accommodate all the values in 'OnModelCreating' using 'HasColumnType', specify precision and scale using 'HasPrecision', or configure a value converter using 'HasConversion'.
2026-05-18 15:24:03.724 +03:00 [WRN] No store type was specified for the decimal property 'UnitPrice' on entity type 'PriceQuotationDetails'. This will cause values to be silently truncated if they do not fit in the default precision and scale. Explicitly specify the SQL server column type that can accommodate all the values in 'OnModelCreating' using 'HasColumnType', specify precision and scale using 'HasPrecision', or configure a value converter using 'HasConversion'.
2026-05-18 15:24:04.197 +03:00 [WRN] No store type was specified for the decimal property 'Budget' on entity type 'Campaigns'. This will cause values to be silently truncated if they do not fit in the default precision and scale. Explicitly specify the SQL server column type that can accommodate all the values in 'OnModelCreating' using 'HasColumnType', specify precision and scale using 'HasPrecision', or configure a value converter using 'HasConversion'.
2026-05-18 15:24:04.197 +03:00 [WRN] No store type was specified for the decimal property 'DailyBudget' on entity type 'Campaigns'. This will cause values to be silently truncated if they do not fit in the default precision and scale. Explicitly specify the SQL server column type that can accommodate all the values in 'OnModelCreating' using 'HasColumnType', specify precision and scale using 'HasPrecision', or configure a value converter using 'HasConversion'.
2026-05-18 15:24:04.197 +03:00 [WRN] No store type was specified for the decimal property 'Price' on entity type 'Contract'. This will cause values to be silently truncated if they do not fit in the default precision and scale. Explicitly specify the SQL server column type that can accommodate all the values in 'OnModelCreating' using 'HasColumnType', specify precision and scale using 'HasPrecision', or configure a value converter using 'HasConversion'.
2026-05-18 15:24:04.198 +03:00 [WRN] No store type was specified for the decimal property 'Value' on entity type 'Deal'. This will cause values to be silently truncated if they do not fit in the default precision and scale. Explicitly specify the SQL server column type that can accommodate all the values in 'OnModelCreating' using 'HasColumnType', specify precision and scale using 'HasPrecision', or configure a value converter using 'HasConversion'.
2026-05-18 15:24:04.198 +03:00 [WRN] No store type was specified for the decimal property 'Discount' on entity type 'PriceQuotation'. This will cause values to be silently truncated if they do not fit in the default precision and scale. Explicitly specify the SQL server column type that can accommodate all the values in 'OnModelCreating' using 'HasColumnType', specify precision and scale using 'HasPrecision', or configure a value converter using 'HasConversion'.
2026-05-18 15:24:04.198 +03:00 [WRN] No store type was specified for the decimal property 'NetTotal' on entity type 'PriceQuotation'. This will cause values to be silently truncated if they do not fit in the default precision and scale. Explicitly specify the SQL server column type that can accommodate all the values in 'OnModelCreating' using 'HasColumnType', specify precision and scale using 'HasPrecision', or configure a value converter using 'HasConversion'.
2026-05-18 15:24:04.198 +03:00 [WRN] No store type was specified for the decimal property 'SubTotal' on entity type 'PriceQuotation'. This will cause values to be silently truncated if they do not fit in the default precision and scale. Explicitly specify the SQL server column type that can accommodate all the values in 'OnModelCreating' using 'HasColumnType', specify precision and scale using 'HasPrecision', or configure a value converter using 'HasConversion'.
2026-05-18 15:24:04.198 +03:00 [WRN] No store type was specified for the decimal property 'TotalPrice' on entity type 'PriceQuotationDetails'. This will cause values to be silently truncated if they do not fit in the default precision and scale. Explicitly specify the SQL server column type that can accommodate all the values in 'OnModelCreating' using 'HasColumnType', specify precision and scale using 'HasPrecision', or configure a value converter using 'HasConversion'.
2026-05-18 15:24:04.198 +03:00 [WRN] No store type was specified for the decimal property 'UnitPrice' on entity type 'PriceQuotationDetails'. This will cause values to be silently truncated if they do not fit in the default precision and scale. Explicitly specify the SQL server column type that can accommodate all the values in 'OnModelCreating' using 'HasColumnType', specify precision and scale using 'HasPrecision', or configure a value converter using 'HasConversion'.
2026-05-18 15:24:15.667 +03:00 [WRN] No store type was specified for the decimal property 'Budget' on entity type 'Campaigns'. This will cause values to be silently truncated if they do not fit in the default precision and scale. Explicitly specify the SQL server column type that can accommodate all the values in 'OnModelCreating' using 'HasColumnType', specify precision and scale using 'HasPrecision', or configure a value converter using 'HasConversion'.
2026-05-18 15:24:15.713 +03:00 [WRN] No store type was specified for the decimal property 'DailyBudget' on entity type 'Campaigns'. This will cause values to be silently truncated if they do not fit in the default precision and scale. Explicitly specify the SQL server column type that can accommodate all the values in 'OnModelCreating' using 'HasColumnType', specify precision and scale using 'HasPrecision', or configure a value converter using 'HasConversion'.
2026-05-18 15:24:15.713 +03:00 [WRN] No store type was specified for the decimal property 'Price' on entity type 'Contract'. This will cause values to be silently truncated if they do not fit in the default precision and scale. Explicitly specify the SQL server column type that can accommodate all the values in 'OnModelCreating' using 'HasColumnType', specify precision and scale using 'HasPrecision', or configure a value converter using 'HasConversion'.
2026-05-18 15:24:15.713 +03:00 [WRN] No store type was specified for the decimal property 'Value' on entity type 'Deal'. This will cause values to be silently truncated if they do not fit in the default precision and scale. Explicitly specify the SQL server column type that can accommodate all the values in 'OnModelCreating' using 'HasColumnType', specify precision and scale using 'HasPrecision', or configure a value converter using 'HasConversion'.
2026-05-18 15:24:15.713 +03:00 [WRN] No store type was specified for the decimal property 'Discount' on entity type 'PriceQuotation'. This will cause values to be silently truncated if they do not fit in the default precision and scale. Explicitly specify the SQL server column type that can accommodate all the values in 'OnModelCreating' using 'HasColumnType', specify precision and scale using 'HasPrecision', or configure a value converter using 'HasConversion'.
2026-05-18 15:24:15.713 +03:00 [WRN] No store type was specified for the decimal property 'NetTotal' on entity type 'PriceQuotation'. This will cause values to be silently truncated if they do not fit in the default precision and scale. Explicitly specify the SQL server column type that can accommodate all the values in 'OnModelCreating' using 'HasColumnType', specify precision and scale using 'HasPrecision', or configure a value converter using 'HasConversion'.
2026-05-18 15:24:15.714 +03:00 [WRN] No store type was specified for the decimal property 'SubTotal' on entity type 'PriceQuotation'. This will cause values to be silently truncated if they do not fit in the default precision and scale. Explicitly specify the SQL server column type that can accommodate all the values in 'OnModelCreating' using 'HasColumnType', specify precision and scale using 'HasPrecision', or configure a value converter using 'HasConversion'.
2026-05-18 15:24:15.714 +03:00 [WRN] No store type was specified for the decimal property 'TotalPrice' on entity type 'PriceQuotationDetails'. This will cause values to be silently truncated if they do not fit in the default precision and scale. Explicitly specify the SQL server column type that can accommodate all the values in 'OnModelCreating' using 'HasColumnType', specify precision and scale using 'HasPrecision', or configure a value converter using 'HasConversion'.
2026-05-18 15:24:15.714 +03:00 [WRN] No store type was specified for the decimal property 'UnitPrice' on entity type 'PriceQuotationDetails'. This will cause values to be silently truncated if they do not fit in the default precision and scale. Explicitly specify the SQL server column type that can accommodate all the values in 'OnModelCreating' using 'HasColumnType', specify precision and scale using 'HasPrecision', or configure a value converter using 'HasConversion'.
2026-05-18 15:36:55.229 +03:00 [WRN] No store type was specified for the decimal property 'Budget' on entity type 'Campaigns'. This will cause values to be silently truncated if they do not fit in the default precision and scale. Explicitly specify the SQL server column type that can accommodate all the values in 'OnModelCreating' using 'HasColumnType', specify precision and scale using 'HasPrecision', or configure a value converter using 'HasConversion'.
2026-05-18 15:36:55.285 +03:00 [WRN] No store type was specified for the decimal property 'DailyBudget' on entity type 'Campaigns'. This will cause values to be silently truncated if they do not fit in the default precision and scale. Explicitly specify the SQL server column type that can accommodate all the values in 'OnModelCreating' using 'HasColumnType', specify precision and scale using 'HasPrecision', or configure a value converter using 'HasConversion'.
2026-05-18 15:36:55.288 +03:00 [WRN] No store type was specified for the decimal property 'Price' on entity type 'Contract'. This will cause values to be silently truncated if they do not fit in the default precision and scale. Explicitly specify the SQL server column type that can accommodate all the values in 'OnModelCreating' using 'HasColumnType', specify precision and scale using 'HasPrecision', or configure a value converter using 'HasConversion'.
2026-05-18 15:36:55.291 +03:00 [WRN] No store type was specified for the decimal property 'Value' on entity type 'Deal'. This will cause values to be silently truncated if they do not fit in the default precision and scale. Explicitly specify the SQL server column type that can accommodate all the values in 'OnModelCreating' using 'HasColumnType', specify precision and scale using 'HasPrecision', or configure a value converter using 'HasConversion'.
2026-05-18 15:36:55.293 +03:00 [WRN] No store type was specified for the decimal property 'Discount' on entity type 'PriceQuotation'. This will cause values to be silently truncated if they do not fit in the default precision and scale. Explicitly specify the SQL server column type that can accommodate all the values in 'OnModelCreating' using 'HasColumnType', specify precision and scale using 'HasPrecision', or configure a value converter using 'HasConversion'.
2026-05-18 15:36:55.295 +03:00 [WRN] No store type was specified for the decimal property 'NetTotal' on entity type 'PriceQuotation'. This will cause values to be silently truncated if they do not fit in the default precision and scale. Explicitly specify the SQL server column type that can accommodate all the values in 'OnModelCreating' using 'HasColumnType', specify precision and scale using 'HasPrecision', or configure a value converter using 'HasConversion'.
2026-05-18 15:36:55.298 +03:00 [WRN] No store type was specified for the decimal property 'SubTotal' on entity type 'PriceQuotation'. This will cause values to be silently truncated if they do not fit in the default precision and scale. Explicitly specify the SQL server column type that can accommodate all the values in 'OnModelCreating' using 'HasColumnType', specify precision and scale using 'HasPrecision', or configure a value converter using 'HasConversion'.
2026-05-18 15:36:55.300 +03:00 [WRN] No store type was specified for the decimal property 'TotalPrice' on entity type 'PriceQuotationDetails'. This will cause values to be silently truncated if they do not fit in the default precision and scale. Explicitly specify the SQL server column type that can accommodate all the values in 'OnModelCreating' using 'HasColumnType', specify precision and scale using 'HasPrecision', or configure a value converter using 'HasConversion'.
2026-05-18 15:36:55.303 +03:00 [WRN] No store type was specified for the decimal property 'UnitPrice' on entity type 'PriceQuotationDetails'. This will cause values to be silently truncated if they do not fit in the default precision and scale. Explicitly specify the SQL server column type that can accommodate all the values in 'OnModelCreating' using 'HasColumnType', specify precision and scale using 'HasPrecision', or configure a value converter using 'HasConversion'.
2026-05-18 15:36:57.989 +03:00 [INF] Start installing Hangfire SQL objects...
2026-05-18 15:36:58.283 +03:00 [INF] Hangfire SQL objects installed.
2026-05-18 15:36:58.845 +03:00 [INF] Now listening on: http://localhost:5210
2026-05-18 15:36:58.944 +03:00 [INF] Application started. Press Ctrl+C to shut down.
2026-05-18 15:36:58.978 +03:00 [INF] Hosting environment: Development
2026-05-18 15:36:58.980 +03:00 [INF] Content root path: E:\TheOneCRM\TheOneCRM
2026-05-18 15:37:10.432 +03:00 [WRN] Failed to determine the https port for redirect.
2026-05-18 15:37:13.077 +03:00 [WRN] The query uses a row limiting operator ('Skip'/'Take') without an 'OrderBy' operator. This may lead to unpredictable results. If the 'Distinct' operator is used after 'OrderBy', then make sure to use the 'OrderBy' operator after 'Distinct' as the ordering would otherwise get erased.
2026-05-18 15:37:13.081 +03:00 [WRN] The query uses a row limiting operator ('Skip'/'Take') without an 'OrderBy' operator. This may lead to unpredictable results. If the 'Distinct' operator is used after 'OrderBy', then make sure to use the 'OrderBy' operator after 'Distinct' as the ordering would otherwise get erased.
2026-05-18 15:37:13.172 +03:00 [WRN] Compiling a query which loads related collections for more than one collection navigation, either via 'Include' or through projection, but no 'QuerySplittingBehavior' has been configured. By default, Entity Framework will use 'QuerySplittingBehavior.SingleQuery', which can potentially result in slow query performance. See https://go.microsoft.com/fwlink/?linkid=2134277 for more information. To identify the query that's triggering this warning call 'ConfigureWarnings(w => w.Throw(RelationalEventId.MultipleCollectionIncludeWarning))'.
2026-05-18 15:40:02.541 +03:00 [WRN] No store type was specified for the decimal property 'Budget' on entity type 'Campaigns'. This will cause values to be silently truncated if they do not fit in the default precision and scale. Explicitly specify the SQL server column type that can accommodate all the values in 'OnModelCreating' using 'HasColumnType', specify precision and scale using 'HasPrecision', or configure a value converter using 'HasConversion'.
2026-05-18 15:40:02.592 +03:00 [WRN] No store type was specified for the decimal property 'DailyBudget' on entity type 'Campaigns'. This will cause values to be silently truncated if they do not fit in the default precision and scale. Explicitly specify the SQL server column type that can accommodate all the values in 'OnModelCreating' using 'HasColumnType', specify precision and scale using 'HasPrecision', or configure a value converter using 'HasConversion'.
2026-05-18 15:40:02.596 +03:00 [WRN] No store type was specified for the decimal property 'Price' on entity type 'Contract'. This will cause values to be silently truncated if they do not fit in the default precision and scale. Explicitly specify the SQL server column type that can accommodate all the values in 'OnModelCreating' using 'HasColumnType', specify precision and scale using 'HasPrecision', or configure a value converter using 'HasConversion'.
2026-05-18 15:40:02.599 +03:00 [WRN] No store type was specified for the decimal property 'Value' on entity type 'Deal'. This will cause values to be silently truncated if they do not fit in the default precision and scale. Explicitly specify the SQL server column type that can accommodate all the values in 'OnModelCreating' using 'HasColumnType', specify precision and scale using 'HasPrecision', or configure a value converter using 'HasConversion'.
2026-05-18 15:40:02.602 +03:00 [WRN] No store type was specified for the decimal property 'Discount' on entity type 'PriceQuotation'. This will cause values to be silently truncated if they do not fit in the default precision and scale. Explicitly specify the SQL server column type that can accommodate all the values in 'OnModelCreating' using 'HasColumnType', specify precision and scale using 'HasPrecision', or configure a value converter using 'HasConversion'.
2026-05-18 15:40:02.605 +03:00 [WRN] No store type was specified for the decimal property 'NetTotal' on entity type 'PriceQuotation'. This will cause values to be silently truncated if they do not fit in the default precision and scale. Explicitly specify the SQL server column type that can accommodate all the values in 'OnModelCreating' using 'HasColumnType', specify precision and scale using 'HasPrecision', or configure a value converter using 'HasConversion'.
2026-05-18 15:40:02.607 +03:00 [WRN] No store type was specified for the decimal property 'SubTotal' on entity type 'PriceQuotation'. This will cause values to be silently truncated if they do not fit in the default precision and scale. Explicitly specify the SQL server column type that can accommodate all the values in 'OnModelCreating' using 'HasColumnType', specify precision and scale using 'HasPrecision', or configure a value converter using 'HasConversion'.
2026-05-18 15:40:02.609 +03:00 [WRN] No store type was specified for the decimal property 'TotalPrice' on entity type 'PriceQuotationDetails'. This will cause values to be silently truncated if they do not fit in the default precision and scale. Explicitly specify the SQL server column type that can accommodate all the values in 'OnModelCreating' using 'HasColumnType', specify precision and scale using 'HasPrecision', or configure a value converter using 'HasConversion'.
2026-05-18 15:40:02.611 +03:00 [WRN] No store type was specified for the decimal property 'UnitPrice' on entity type 'PriceQuotationDetails'. This will cause values to be silently truncated if they do not fit in the default precision and scale. Explicitly specify the SQL server column type that can accommodate all the values in 'OnModelCreating' using 'HasColumnType', specify precision and scale using 'HasPrecision', or configure a value converter using 'HasConversion'.
2026-05-18 15:40:05.560 +03:00 [INF] Start installing Hangfire SQL objects...
2026-05-18 15:40:05.833 +03:00 [INF] Hangfire SQL objects installed.
2026-05-18 15:40:06.322 +03:00 [INF] Now listening on: http://localhost:5210
2026-05-18 15:40:06.417 +03:00 [INF] Application started. Press Ctrl+C to shut down.
2026-05-18 15:40:06.419 +03:00 [INF] Hosting environment: Development
2026-05-18 15:40:06.421 +03:00 [INF] Content root path: E:\TheOneCRM\TheOneCRM
2026-05-18 15:40:18.963 +03:00 [WRN] Failed to determine the https port for redirect.
2026-05-18 15:43:31.629 +03:00 [WRN] No store type was specified for the decimal property 'Budget' on entity type 'Campaigns'. This will cause values to be silently truncated if they do not fit in the default precision and scale. Explicitly specify the SQL server column type that can accommodate all the values in 'OnModelCreating' using 'HasColumnType', specify precision and scale using 'HasPrecision', or configure a value converter using 'HasConversion'.
2026-05-18 15:43:31.682 +03:00 [WRN] No store type was specified for the decimal property 'DailyBudget' on entity type 'Campaigns'. This will cause values to be silently truncated if they do not fit in the default precision and scale. Explicitly specify the SQL server column type that can accommodate all the values in 'OnModelCreating' using 'HasColumnType', specify precision and scale using 'HasPrecision', or configure a value converter using 'HasConversion'.
2026-05-18 15:43:31.686 +03:00 [WRN] No store type was specified for the decimal property 'Price' on entity type 'Contract'. This will cause values to be silently truncated if they do not fit in the default precision and scale. Explicitly specify the SQL server column type that can accommodate all the values in 'OnModelCreating' using 'HasColumnType', specify precision and scale using 'HasPrecision', or configure a value converter using 'HasConversion'.
2026-05-18 15:43:31.690 +03:00 [WRN] No store type was specified for the decimal property 'Value' on entity type 'Deal'. This will cause values to be silently truncated if they do not fit in the default precision and scale. Explicitly specify the SQL server column type that can accommodate all the values in 'OnModelCreating' using 'HasColumnType', specify precision and scale using 'HasPrecision', or configure a value converter using 'HasConversion'.
2026-05-18 15:43:31.692 +03:00 [WRN] No store type was specified for the decimal property 'Discount' on entity type 'PriceQuotation'. This will cause values to be silently truncated if they do not fit in the default precision and scale. Explicitly specify the SQL server column type that can accommodate all the values in 'OnModelCreating' using 'HasColumnType', specify precision and scale using 'HasPrecision', or configure a value converter using 'HasConversion'.
2026-05-18 15:43:31.694 +03:00 [WRN] No store type was specified for the decimal property 'NetTotal' on entity type 'PriceQuotation'. This will cause values to be silently truncated if they do not fit in the default precision and scale. Explicitly specify the SQL server column type that can accommodate all the values in 'OnModelCreating' using 'HasColumnType', specify precision and scale using 'HasPrecision', or configure a value converter using 'HasConversion'.
2026-05-18 15:43:31.697 +03:00 [WRN] No store type was specified for the decimal property 'SubTotal' on entity type 'PriceQuotation'. This will cause values to be silently truncated if they do not fit in the default precision and scale. Explicitly specify the SQL server column type that can accommodate all the values in 'OnModelCreating' using 'HasColumnType', specify precision and scale using 'HasPrecision', or configure a value converter using 'HasConversion'.
2026-05-18 15:43:31.700 +03:00 [WRN] No store type was specified for the decimal property 'TotalPrice' on entity type 'PriceQuotationDetails'. This will cause values to be silently truncated if they do not fit in the default precision and scale. Explicitly specify the SQL server column type that can accommodate all the values in 'OnModelCreating' using 'HasColumnType', specify precision and scale using 'HasPrecision', or configure a value converter using 'HasConversion'.
2026-05-18 15:43:31.702 +03:00 [WRN] No store type was specified for the decimal property 'UnitPrice' on entity type 'PriceQuotationDetails'. This will cause values to be silently truncated if they do not fit in the default precision and scale. Explicitly specify the SQL server column type that can accommodate all the values in 'OnModelCreating' using 'HasColumnType', specify precision and scale using 'HasPrecision', or configure a value converter using 'HasConversion'.
2026-05-18 15:43:34.342 +03:00 [INF] Start installing Hangfire SQL objects...
2026-05-18 15:43:34.609 +03:00 [INF] Hangfire SQL objects installed.
2026-05-18 15:43:35.098 +03:00 [INF] Now listening on: http://localhost:5210
2026-05-18 15:43:35.170 +03:00 [INF] Application started. Press Ctrl+C to shut down.
2026-05-18 15:43:35.186 +03:00 [INF] Hosting environment: Development
2026-05-18 15:43:35.188 +03:00 [INF] Content root path: E:\TheOneCRM\TheOneCRM
2026-05-18 15:44:50.565 +03:00 [WRN] Failed to determine the https port for redirect.
2026-05-18 15:46:04.473 +03:00 [WRN] Compiling a query which loads related collections for more than one collection navigation, either via 'Include' or through projection, but no 'QuerySplittingBehavior' has been configured. By default, Entity Framework will use 'QuerySplittingBehavior.SingleQuery', which can potentially result in slow query performance. See https://go.microsoft.com/fwlink/?linkid=2134277 for more information. To identify the query that's triggering this warning call 'ConfigureWarnings(w => w.Throw(RelationalEventId.MultipleCollectionIncludeWarning))'.
2026-05-18 15:48:58.236 +03:00 [ERR] An error occurred while processing the request.
System.InvalidOperationException: Customer is already assigned to this sales person
   at TheOneCRM.Application.Services.Customers.CustomerService.AssignToSalesPersonAsync(Int32 id, String salesPersonId, String currentUserId, String currentUserRole) in E:\TheOneCRM\TheOneCRM.Application\Services\Customers\CustomerService.cs:line 335
   at TheOneCRM.API.Controllers.CustomersController.AssignToSalesPerson(Int32 id, AssignCustomerDto dto) in E:\TheOneCRM\TheOneCRM\Controllers\CustomersController.cs:line 109
   at Microsoft.AspNetCore.Mvc.Infrastructure.ActionMethodExecutor.TaskOfIActionResultExecutor.Execute(ActionContext actionContext, IActionResultTypeMapper mapper, ObjectMethodExecutor executor, Object controller, Object[] arguments)
   at Microsoft.AspNetCore.Mvc.Infrastructure.ControllerActionInvoker.<InvokeActionMethodAsync>g__Awaited|12_0(ControllerActionInvoker invoker, ValueTask`1 actionResultValueTask)
   at Microsoft.AspNetCore.Mvc.Infrastructure.ControllerActionInvoker.<InvokeNextActionFilterAsync>g__Awaited|10_0(ControllerActionInvoker invoker, Task lastTask, State next, Scope scope, Object state, Boolean isCompleted)
   at Microsoft.AspNetCore.Mvc.Infrastructure.ControllerActionInvoker.Rethrow(ActionExecutedContextSealed context)
   at Microsoft.AspNetCore.Mvc.Infrastructure.ControllerActionInvoker.Next(State& next, Scope& scope, Object& state, Boolean& isCompleted)
   at Microsoft.AspNetCore.Mvc.Infrastructure.ControllerActionInvoker.<InvokeInnerFilterAsync>g__Awaited|13_0(ControllerActionInvoker invoker, Task lastTask, State next, Scope scope, Object state, Boolean isCompleted)
   at Microsoft.AspNetCore.Mvc.Infrastructure.ResourceInvoker.<InvokeFilterPipelineAsync>g__Awaited|20_0(ResourceInvoker invoker, Task lastTask, State next, Scope scope, Object state, Boolean isCompleted)
   at Microsoft.AspNetCore.Mvc.Infrastructure.ResourceInvoker.<InvokeAsync>g__Awaited|17_0(ResourceInvoker invoker, Task task, IDisposable scope)
   at Microsoft.AspNetCore.Mvc.Infrastructure.ResourceInvoker.<InvokeAsync>g__Awaited|17_0(ResourceInvoker invoker, Task task, IDisposable scope)
   at Microsoft.AspNetCore.Authorization.AuthorizationMiddleware.Invoke(HttpContext context)
   at Microsoft.AspNetCore.Authentication.AuthenticationMiddleware.Invoke(HttpContext context)
   at TheOneCRM.API.Middlewares.ExceptionMiddleware.InvokeAsync(HttpContext context) in E:\TheOneCRM\TheOneCRM\Middlewares\ExceptionMiddleware.cs:line 33
2026-05-18 15:55:11.646 +03:00 [WRN] No store type was specified for the decimal property 'Budget' on entity type 'Campaigns'. This will cause values to be silently truncated if they do not fit in the default precision and scale. Explicitly specify the SQL server column type that can accommodate all the values in 'OnModelCreating' using 'HasColumnType', specify precision and scale using 'HasPrecision', or configure a value converter using 'HasConversion'.
2026-05-18 15:55:11.686 +03:00 [WRN] No store type was specified for the decimal property 'DailyBudget' on entity type 'Campaigns'. This will cause values to be silently truncated if they do not fit in the default precision and scale. Explicitly specify the SQL server column type that can accommodate all the values in 'OnModelCreating' using 'HasColumnType', specify precision and scale using 'HasPrecision', or configure a value converter using 'HasConversion'.
2026-05-18 15:55:11.687 +03:00 [WRN] No store type was specified for the decimal property 'Price' on entity type 'Contract'. This will cause values to be silently truncated if they do not fit in the default precision and scale. Explicitly specify the SQL server column type that can accommodate all the values in 'OnModelCreating' using 'HasColumnType', specify precision and scale using 'HasPrecision', or configure a value converter using 'HasConversion'.
2026-05-18 15:55:11.687 +03:00 [WRN] No store type was specified for the decimal property 'Value' on entity type 'Deal'. This will cause values to be silently truncated if they do not fit in the default precision and scale. Explicitly specify the SQL server column type that can accommodate all the values in 'OnModelCreating' using 'HasColumnType', specify precision and scale using 'HasPrecision', or configure a value converter using 'HasConversion'.
2026-05-18 15:55:11.687 +03:00 [WRN] No store type was specified for the decimal property 'Discount' on entity type 'PriceQuotation'. This will cause values to be silently truncated if they do not fit in the default precision and scale. Explicitly specify the SQL server column type that can accommodate all the values in 'OnModelCreating' using 'HasColumnType', specify precision and scale using 'HasPrecision', or configure a value converter using 'HasConversion'.
2026-05-18 15:55:11.687 +03:00 [WRN] No store type was specified for the decimal property 'NetTotal' on entity type 'PriceQuotation'. This will cause values to be silently truncated if they do not fit in the default precision and scale. Explicitly specify the SQL server column type that can accommodate all the values in 'OnModelCreating' using 'HasColumnType', specify precision and scale using 'HasPrecision', or configure a value converter using 'HasConversion'.
2026-05-18 15:55:11.687 +03:00 [WRN] No store type was specified for the decimal property 'SubTotal' on entity type 'PriceQuotation'. This will cause values to be silently truncated if they do not fit in the default precision and scale. Explicitly specify the SQL server column type that can accommodate all the values in 'OnModelCreating' using 'HasColumnType', specify precision and scale using 'HasPrecision', or configure a value converter using 'HasConversion'.
2026-05-18 15:55:11.687 +03:00 [WRN] No store type was specified for the decimal property 'TotalPrice' on entity type 'PriceQuotationDetails'. This will cause values to be silently truncated if they do not fit in the default precision and scale. Explicitly specify the SQL server column type that can accommodate all the values in 'OnModelCreating' using 'HasColumnType', specify precision and scale using 'HasPrecision', or configure a value converter using 'HasConversion'.
2026-05-18 15:55:11.687 +03:00 [WRN] No store type was specified for the decimal property 'UnitPrice' on entity type 'PriceQuotationDetails'. This will cause values to be silently truncated if they do not fit in the default precision and scale. Explicitly specify the SQL server column type that can accommodate all the values in 'OnModelCreating' using 'HasColumnType', specify precision and scale using 'HasPrecision', or configure a value converter using 'HasConversion'.
2026-05-18 15:55:12.130 +03:00 [WRN] No store type was specified for the decimal property 'Budget' on entity type 'Campaigns'. This will cause values to be silently truncated if they do not fit in the default precision and scale. Explicitly specify the SQL server column type that can accommodate all the values in 'OnModelCreating' using 'HasColumnType', specify precision and scale using 'HasPrecision', or configure a value converter using 'HasConversion'.
2026-05-18 15:55:12.130 +03:00 [WRN] No store type was specified for the decimal property 'DailyBudget' on entity type 'Campaigns'. This will cause values to be silently truncated if they do not fit in the default precision and scale. Explicitly specify the SQL server column type that can accommodate all the values in 'OnModelCreating' using 'HasColumnType', specify precision and scale using 'HasPrecision', or configure a value converter using 'HasConversion'.
2026-05-18 15:55:12.130 +03:00 [WRN] No store type was specified for the decimal property 'Price' on entity type 'Contract'. This will cause values to be silently truncated if they do not fit in the default precision and scale. Explicitly specify the SQL server column type that can accommodate all the values in 'OnModelCreating' using 'HasColumnType', specify precision and scale using 'HasPrecision', or configure a value converter using 'HasConversion'.
2026-05-18 15:55:12.130 +03:00 [WRN] No store type was specified for the decimal property 'Value' on entity type 'Deal'. This will cause values to be silently truncated if they do not fit in the default precision and scale. Explicitly specify the SQL server column type that can accommodate all the values in 'OnModelCreating' using 'HasColumnType', specify precision and scale using 'HasPrecision', or configure a value converter using 'HasConversion'.
2026-05-18 15:55:12.131 +03:00 [WRN] No store type was specified for the decimal property 'Discount' on entity type 'PriceQuotation'. This will cause values to be silently truncated if they do not fit in the default precision and scale. Explicitly specify the SQL server column type that can accommodate all the values in 'OnModelCreating' using 'HasColumnType', specify precision and scale using 'HasPrecision', or configure a value converter using 'HasConversion'.
2026-05-18 15:55:12.131 +03:00 [WRN] No store type was specified for the decimal property 'NetTotal' on entity type 'PriceQuotation'. This will cause values to be silently truncated if they do not fit in the default precision and scale. Explicitly specify the SQL server column type that can accommodate all the values in 'OnModelCreating' using 'HasColumnType', specify precision and scale using 'HasPrecision', or configure a value converter using 'HasConversion'.
2026-05-18 15:55:12.131 +03:00 [WRN] No store type was specified for the decimal property 'SubTotal' on entity type 'PriceQuotation'. This will cause values to be silently truncated if they do not fit in the default precision and scale. Explicitly specify the SQL server column type that can accommodate all the values in 'OnModelCreating' using 'HasColumnType', specify precision and scale using 'HasPrecision', or configure a value converter using 'HasConversion'.
2026-05-18 15:55:12.131 +03:00 [WRN] No store type was specified for the decimal property 'TotalPrice' on entity type 'PriceQuotationDetails'. This will cause values to be silently truncated if they do not fit in the default precision and scale. Explicitly specify the SQL server column type that can accommodate all the values in 'OnModelCreating' using 'HasColumnType', specify precision and scale using 'HasPrecision', or configure a value converter using 'HasConversion'.
2026-05-18 15:55:12.131 +03:00 [WRN] No store type was specified for the decimal property 'UnitPrice' on entity type 'PriceQuotationDetails'. This will cause values to be silently truncated if they do not fit in the default precision and scale. Explicitly specify the SQL server column type that can accommodate all the values in 'OnModelCreating' using 'HasColumnType', specify precision and scale using 'HasPrecision', or configure a value converter using 'HasConversion'.
2026-05-18 15:55:34.941 +03:00 [WRN] No store type was specified for the decimal property 'Budget' on entity type 'Campaigns'. This will cause values to be silently truncated if they do not fit in the default precision and scale. Explicitly specify the SQL server column type that can accommodate all the values in 'OnModelCreating' using 'HasColumnType', specify precision and scale using 'HasPrecision', or configure a value converter using 'HasConversion'.
2026-05-18 15:55:34.986 +03:00 [WRN] No store type was specified for the decimal property 'DailyBudget' on entity type 'Campaigns'. This will cause values to be silently truncated if they do not fit in the default precision and scale. Explicitly specify the SQL server column type that can accommodate all the values in 'OnModelCreating' using 'HasColumnType', specify precision and scale using 'HasPrecision', or configure a value converter using 'HasConversion'.
2026-05-18 15:55:34.987 +03:00 [WRN] No store type was specified for the decimal property 'Price' on entity type 'Contract'. This will cause values to be silently truncated if they do not fit in the default precision and scale. Explicitly specify the SQL server column type that can accommodate all the values in 'OnModelCreating' using 'HasColumnType', specify precision and scale using 'HasPrecision', or configure a value converter using 'HasConversion'.
2026-05-18 15:55:34.987 +03:00 [WRN] No store type was specified for the decimal property 'Value' on entity type 'Deal'. This will cause values to be silently truncated if they do not fit in the default precision and scale. Explicitly specify the SQL server column type that can accommodate all the values in 'OnModelCreating' using 'HasColumnType', specify precision and scale using 'HasPrecision', or configure a value converter using 'HasConversion'.
2026-05-18 15:55:34.987 +03:00 [WRN] No store type was specified for the decimal property 'Discount' on entity type 'PriceQuotation'. This will cause values to be silently truncated if they do not fit in the default precision and scale. Explicitly specify the SQL server column type that can accommodate all the values in 'OnModelCreating' using 'HasColumnType', specify precision and scale using 'HasPrecision', or configure a value converter using 'HasConversion'.
2026-05-18 15:55:34.987 +03:00 [WRN] No store type was specified for the decimal property 'NetTotal' on entity type 'PriceQuotation'. This will cause values to be silently truncated if they do not fit in the default precision and scale. Explicitly specify the SQL server column type that can accommodate all the values in 'OnModelCreating' using 'HasColumnType', specify precision and scale using 'HasPrecision', or configure a value converter using 'HasConversion'.
2026-05-18 15:55:34.987 +03:00 [WRN] No store type was specified for the decimal property 'SubTotal' on entity type 'PriceQuotation'. This will cause values to be silently truncated if they do not fit in the default precision and scale. Explicitly specify the SQL server column type that can accommodate all the values in 'OnModelCreating' using 'HasColumnType', specify precision and scale using 'HasPrecision', or configure a value converter using 'HasConversion'.
2026-05-18 15:55:34.987 +03:00 [WRN] No store type was specified for the decimal property 'TotalPrice' on entity type 'PriceQuotationDetails'. This will cause values to be silently truncated if they do not fit in the default precision and scale. Explicitly specify the SQL server column type that can accommodate all the values in 'OnModelCreating' using 'HasColumnType', specify precision and scale using 'HasPrecision', or configure a value converter using 'HasConversion'.
2026-05-18 15:55:34.987 +03:00 [WRN] No store type was specified for the decimal property 'UnitPrice' on entity type 'PriceQuotationDetails'. This will cause values to be silently truncated if they do not fit in the default precision and scale. Explicitly specify the SQL server column type that can accommodate all the values in 'OnModelCreating' using 'HasColumnType', specify precision and scale using 'HasPrecision', or configure a value converter using 'HasConversion'.
2026-05-18 15:55:51.405 +03:00 [WRN] No store type was specified for the decimal property 'Budget' on entity type 'Campaigns'. This will cause values to be silently truncated if they do not fit in the default precision and scale. Explicitly specify the SQL server column type that can accommodate all the values in 'OnModelCreating' using 'HasColumnType', specify precision and scale using 'HasPrecision', or configure a value converter using 'HasConversion'.
2026-05-18 15:55:51.463 +03:00 [WRN] No store type was specified for the decimal property 'DailyBudget' on entity type 'Campaigns'. This will cause values to be silently truncated if they do not fit in the default precision and scale. Explicitly specify the SQL server column type that can accommodate all the values in 'OnModelCreating' using 'HasColumnType', specify precision and scale using 'HasPrecision', or configure a value converter using 'HasConversion'.
2026-05-18 15:55:51.471 +03:00 [WRN] No store type was specified for the decimal property 'Price' on entity type 'Contract'. This will cause values to be silently truncated if they do not fit in the default precision and scale. Explicitly specify the SQL server column type that can accommodate all the values in 'OnModelCreating' using 'HasColumnType', specify precision and scale using 'HasPrecision', or configure a value converter using 'HasConversion'.
2026-05-18 15:55:51.473 +03:00 [WRN] No store type was specified for the decimal property 'Value' on entity type 'Deal'. This will cause values to be silently truncated if they do not fit in the default precision and scale. Explicitly specify the SQL server column type that can accommodate all the values in 'OnModelCreating' using 'HasColumnType', specify precision and scale using 'HasPrecision', or configure a value converter using 'HasConversion'.
2026-05-18 15:55:51.476 +03:00 [WRN] No store type was specified for the decimal property 'Discount' on entity type 'PriceQuotation'. This will cause values to be silently truncated if they do not fit in the default precision and scale. Explicitly specify the SQL server column type that can accommodate all the values in 'OnModelCreating' using 'HasColumnType', specify precision and scale using 'HasPrecision', or configure a value converter using 'HasConversion'.
2026-05-18 15:55:51.479 +03:00 [WRN] No store type was specified for the decimal property 'NetTotal' on entity type 'PriceQuotation'. This will cause values to be silently truncated if they do not fit in the default precision and scale. Explicitly specify the SQL server column type that can accommodate all the values in 'OnModelCreating' using 'HasColumnType', specify precision and scale using 'HasPrecision', or configure a value converter using 'HasConversion'.
2026-05-18 15:55:51.482 +03:00 [WRN] No store type was specified for the decimal property 'SubTotal' on entity type 'PriceQuotation'. This will cause values to be silently truncated if they do not fit in the default precision and scale. Explicitly specify the SQL server column type that can accommodate all the values in 'OnModelCreating' using 'HasColumnType', specify precision and scale using 'HasPrecision', or configure a value converter using 'HasConversion'.
2026-05-18 15:55:51.485 +03:00 [WRN] No store type was specified for the decimal property 'TotalPrice' on entity type 'PriceQuotationDetails'. This will cause values to be silently truncated if they do not fit in the default precision and scale. Explicitly specify the SQL server column type that can accommodate all the values in 'OnModelCreating' using 'HasColumnType', specify precision and scale using 'HasPrecision', or configure a value converter using 'HasConversion'.
2026-05-18 15:55:51.487 +03:00 [WRN] No store type was specified for the decimal property 'UnitPrice' on entity type 'PriceQuotationDetails'. This will cause values to be silently truncated if they do not fit in the default precision and scale. Explicitly specify the SQL server column type that can accommodate all the values in 'OnModelCreating' using 'HasColumnType', specify precision and scale using 'HasPrecision', or configure a value converter using 'HasConversion'.
2026-05-18 15:55:54.921 +03:00 [INF] Start installing Hangfire SQL objects...
2026-05-18 15:55:55.278 +03:00 [INF] Hangfire SQL objects installed.
2026-05-18 15:55:55.920 +03:00 [INF] Now listening on: http://localhost:5210
2026-05-18 15:55:56.039 +03:00 [INF] Application started. Press Ctrl+C to shut down.
2026-05-18 15:55:56.042 +03:00 [INF] Hosting environment: Development
2026-05-18 15:55:56.057 +03:00 [INF] Content root path: E:\TheOneCRM\TheOneCRM
2026-05-18 15:56:59.406 +03:00 [WRN] Failed to determine the https port for redirect.
2026-05-18 15:59:00.894 +03:00 [WRN] Compiling a query which loads related collections for more than one collection navigation, either via 'Include' or through projection, but no 'QuerySplittingBehavior' has been configured. By default, Entity Framework will use 'QuerySplittingBehavior.SingleQuery', which can potentially result in slow query performance. See https://go.microsoft.com/fwlink/?linkid=2134277 for more information. To identify the query that's triggering this warning call 'ConfigureWarnings(w => w.Throw(RelationalEventId.MultipleCollectionIncludeWarning))'.
2026-05-18 15:59:01.723 +03:00 [ERR] An error occurred while processing the request.
System.InvalidOperationException: Customer is already assigned to this sales person
   at TheOneCRM.Application.Services.Customers.CustomerService.AssignToSalesPersonAsync(Int32 id, String salesPersonId, String currentUserId, String currentUserRole) in E:\TheOneCRM\TheOneCRM.Application\Services\Customers\CustomerService.cs:line 335
   at TheOneCRM.API.Controllers.CustomersController.AssignToSalesPerson(Int32 id, AssignCustomerDto dto) in E:\TheOneCRM\TheOneCRM\Controllers\CustomersController.cs:line 109
   at Microsoft.AspNetCore.Mvc.Infrastructure.ActionMethodExecutor.TaskOfIActionResultExecutor.Execute(ActionContext actionContext, IActionResultTypeMapper mapper, ObjectMethodExecutor executor, Object controller, Object[] arguments)
   at Microsoft.AspNetCore.Mvc.Infrastructure.ControllerActionInvoker.<InvokeActionMethodAsync>g__Awaited|12_0(ControllerActionInvoker invoker, ValueTask`1 actionResultValueTask)
   at Microsoft.AspNetCore.Mvc.Infrastructure.ControllerActionInvoker.<InvokeNextActionFilterAsync>g__Awaited|10_0(ControllerActionInvoker invoker, Task lastTask, State next, Scope scope, Object state, Boolean isCompleted)
   at Microsoft.AspNetCore.Mvc.Infrastructure.ControllerActionInvoker.Rethrow(ActionExecutedContextSealed context)
   at Microsoft.AspNetCore.Mvc.Infrastructure.ControllerActionInvoker.Next(State& next, Scope& scope, Object& state, Boolean& isCompleted)
   at Microsoft.AspNetCore.Mvc.Infrastructure.ControllerActionInvoker.<InvokeInnerFilterAsync>g__Awaited|13_0(ControllerActionInvoker invoker, Task lastTask, State next, Scope scope, Object state, Boolean isCompleted)
   at Microsoft.AspNetCore.Mvc.Infrastructure.ResourceInvoker.<InvokeFilterPipelineAsync>g__Awaited|20_0(ResourceInvoker invoker, Task lastTask, State next, Scope scope, Object state, Boolean isCompleted)
   at Microsoft.AspNetCore.Mvc.Infrastructure.ResourceInvoker.<InvokeAsync>g__Awaited|17_0(ResourceInvoker invoker, Task task, IDisposable scope)
   at Microsoft.AspNetCore.Mvc.Infrastructure.ResourceInvoker.<InvokeAsync>g__Awaited|17_0(ResourceInvoker invoker, Task task, IDisposable scope)
   at Microsoft.AspNetCore.Authorization.AuthorizationMiddleware.Invoke(HttpContext context)
   at Microsoft.AspNetCore.Authentication.AuthenticationMiddleware.Invoke(HttpContext context)
   at TheOneCRM.API.Middlewares.ExceptionMiddleware.InvokeAsync(HttpContext context) in E:\TheOneCRM\TheOneCRM\Middlewares\ExceptionMiddleware.cs:line 33
2026-05-18 16:01:33.878 +03:00 [WRN] Compiling a query which loads related collections for more than one collection navigation, either via 'Include' or through projection, but no 'QuerySplittingBehavior' has been configured. By default, Entity Framework will use 'QuerySplittingBehavior.SingleQuery', which can potentially result in slow query performance. See https://go.microsoft.com/fwlink/?linkid=2134277 for more information. To identify the query that's triggering this warning call 'ConfigureWarnings(w => w.Throw(RelationalEventId.MultipleCollectionIncludeWarning))'.
2026-05-18 16:02:10.384 +03:00 [WRN] No store type was specified for the decimal property 'Budget' on entity type 'Campaigns'. This will cause values to be silently truncated if they do not fit in the default precision and scale. Explicitly specify the SQL server column type that can accommodate all the values in 'OnModelCreating' using 'HasColumnType', specify precision and scale using 'HasPrecision', or configure a value converter using 'HasConversion'.
2026-05-18 16:02:10.439 +03:00 [WRN] No store type was specified for the decimal property 'DailyBudget' on entity type 'Campaigns'. This will cause values to be silently truncated if they do not fit in the default precision and scale. Explicitly specify the SQL server column type that can accommodate all the values in 'OnModelCreating' using 'HasColumnType', specify precision and scale using 'HasPrecision', or configure a value converter using 'HasConversion'.
2026-05-18 16:02:10.442 +03:00 [WRN] No store type was specified for the decimal property 'Price' on entity type 'Contract'. This will cause values to be silently truncated if they do not fit in the default precision and scale. Explicitly specify the SQL server column type that can accommodate all the values in 'OnModelCreating' using 'HasColumnType', specify precision and scale using 'HasPrecision', or configure a value converter using 'HasConversion'.
2026-05-18 16:02:10.446 +03:00 [WRN] No store type was specified for the decimal property 'Value' on entity type 'Deal'. This will cause values to be silently truncated if they do not fit in the default precision and scale. Explicitly specify the SQL server column type that can accommodate all the values in 'OnModelCreating' using 'HasColumnType', specify precision and scale using 'HasPrecision', or configure a value converter using 'HasConversion'.
2026-05-18 16:02:10.449 +03:00 [WRN] No store type was specified for the decimal property 'Discount' on entity type 'PriceQuotation'. This will cause values to be silently truncated if they do not fit in the default precision and scale. Explicitly specify the SQL server column type that can accommodate all the values in 'OnModelCreating' using 'HasColumnType', specify precision and scale using 'HasPrecision', or configure a value converter using 'HasConversion'.
2026-05-18 16:02:10.452 +03:00 [WRN] No store type was specified for the decimal property 'NetTotal' on entity type 'PriceQuotation'. This will cause values to be silently truncated if they do not fit in the default precision and scale. Explicitly specify the SQL server column type that can accommodate all the values in 'OnModelCreating' using 'HasColumnType', specify precision and scale using 'HasPrecision', or configure a value converter using 'HasConversion'.
2026-05-18 16:02:10.455 +03:00 [WRN] No store type was specified for the decimal property 'SubTotal' on entity type 'PriceQuotation'. This will cause values to be silently truncated if they do not fit in the default precision and scale. Explicitly specify the SQL server column type that can accommodate all the values in 'OnModelCreating' using 'HasColumnType', specify precision and scale using 'HasPrecision', or configure a value converter using 'HasConversion'.
2026-05-18 16:02:10.457 +03:00 [WRN] No store type was specified for the decimal property 'TotalPrice' on entity type 'PriceQuotationDetails'. This will cause values to be silently truncated if they do not fit in the default precision and scale. Explicitly specify the SQL server column type that can accommodate all the values in 'OnModelCreating' using 'HasColumnType', specify precision and scale using 'HasPrecision', or configure a value converter using 'HasConversion'.
2026-05-18 16:02:10.459 +03:00 [WRN] No store type was specified for the decimal property 'UnitPrice' on entity type 'PriceQuotationDetails'. This will cause values to be silently truncated if they do not fit in the default precision and scale. Explicitly specify the SQL server column type that can accommodate all the values in 'OnModelCreating' using 'HasColumnType', specify precision and scale using 'HasPrecision', or configure a value converter using 'HasConversion'.
2026-05-18 16:02:13.195 +03:00 [INF] Start installing Hangfire SQL objects...
2026-05-18 16:02:13.475 +03:00 [INF] Hangfire SQL objects installed.
2026-05-18 16:02:13.960 +03:00 [INF] Now listening on: http://localhost:5210
2026-05-18 16:02:14.049 +03:00 [INF] Application started. Press Ctrl+C to shut down.
2026-05-18 16:02:14.063 +03:00 [INF] Hosting environment: Development
2026-05-18 16:02:14.066 +03:00 [INF] Content root path: E:\TheOneCRM\TheOneCRM
2026-05-18 16:02:50.923 +03:00 [WRN] Failed to determine the https port for redirect.
2026-05-18 16:05:48.851 +03:00 [WRN] No store type was specified for the decimal property 'Budget' on entity type 'Campaigns'. This will cause values to be silently truncated if they do not fit in the default precision and scale. Explicitly specify the SQL server column type that can accommodate all the values in 'OnModelCreating' using 'HasColumnType', specify precision and scale using 'HasPrecision', or configure a value converter using 'HasConversion'.
2026-05-18 16:05:48.908 +03:00 [WRN] No store type was specified for the decimal property 'DailyBudget' on entity type 'Campaigns'. This will cause values to be silently truncated if they do not fit in the default precision and scale. Explicitly specify the SQL server column type that can accommodate all the values in 'OnModelCreating' using 'HasColumnType', specify precision and scale using 'HasPrecision', or configure a value converter using 'HasConversion'.
2026-05-18 16:05:48.912 +03:00 [WRN] No store type was specified for the decimal property 'Price' on entity type 'Contract'. This will cause values to be silently truncated if they do not fit in the default precision and scale. Explicitly specify the SQL server column type that can accommodate all the values in 'OnModelCreating' using 'HasColumnType', specify precision and scale using 'HasPrecision', or configure a value converter using 'HasConversion'.
2026-05-18 16:05:48.916 +03:00 [WRN] No store type was specified for the decimal property 'Value' on entity type 'Deal'. This will cause values to be silently truncated if they do not fit in the default precision and scale. Explicitly specify the SQL server column type that can accommodate all the values in 'OnModelCreating' using 'HasColumnType', specify precision and scale using 'HasPrecision', or configure a value converter using 'HasConversion'.
2026-05-18 16:05:48.919 +03:00 [WRN] No store type was specified for the decimal property 'Discount' on entity type 'PriceQuotation'. This will cause values to be silently truncated if they do not fit in the default precision and scale. Explicitly specify the SQL server column type that can accommodate all the values in 'OnModelCreating' using 'HasColumnType', specify precision and scale using 'HasPrecision', or configure a value converter using 'HasConversion'.
2026-05-18 16:05:48.922 +03:00 [WRN] No store type was specified for the decimal property 'NetTotal' on entity type 'PriceQuotation'. This will cause values to be silently truncated if they do not fit in the default precision and scale. Explicitly specify the SQL server column type that can accommodate all the values in 'OnModelCreating' using 'HasColumnType', specify precision and scale using 'HasPrecision', or configure a value converter using 'HasConversion'.
2026-05-18 16:05:48.923 +03:00 [WRN] No store type was specified for the decimal property 'SubTotal' on entity type 'PriceQuotation'. This will cause values to be silently truncated if they do not fit in the default precision and scale. Explicitly specify the SQL server column type that can accommodate all the values in 'OnModelCreating' using 'HasColumnType', specify precision and scale using 'HasPrecision', or configure a value converter using 'HasConversion'.
2026-05-18 16:05:48.925 +03:00 [WRN] No store type was specified for the decimal property 'TotalPrice' on entity type 'PriceQuotationDetails'. This will cause values to be silently truncated if they do not fit in the default precision and scale. Explicitly specify the SQL server column type that can accommodate all the values in 'OnModelCreating' using 'HasColumnType', specify precision and scale using 'HasPrecision', or configure a value converter using 'HasConversion'.
2026-05-18 16:05:48.927 +03:00 [WRN] No store type was specified for the decimal property 'UnitPrice' on entity type 'PriceQuotationDetails'. This will cause values to be silently truncated if they do not fit in the default precision and scale. Explicitly specify the SQL server column type that can accommodate all the values in 'OnModelCreating' using 'HasColumnType', specify precision and scale using 'HasPrecision', or configure a value converter using 'HasConversion'.
2026-05-18 16:05:51.472 +03:00 [INF] Start installing Hangfire SQL objects...
2026-05-18 16:05:51.722 +03:00 [INF] Hangfire SQL objects installed.
2026-05-18 16:05:52.222 +03:00 [INF] Now listening on: http://localhost:5210
2026-05-18 16:05:52.307 +03:00 [INF] Application started. Press Ctrl+C to shut down.
2026-05-18 16:05:52.331 +03:00 [INF] Hosting environment: Development
2026-05-18 16:05:52.333 +03:00 [INF] Content root path: E:\TheOneCRM\TheOneCRM
2026-05-18 16:06:05.052 +03:00 [WRN] Failed to determine the https port for redirect.
2026-05-18 16:06:06.842 +03:00 [WRN] The query uses a row limiting operator ('Skip'/'Take') without an 'OrderBy' operator. This may lead to unpredictable results. If the 'Distinct' operator is used after 'OrderBy', then make sure to use the 'OrderBy' operator after 'Distinct' as the ordering would otherwise get erased.
2026-05-18 16:06:06.845 +03:00 [WRN] The query uses a row limiting operator ('Skip'/'Take') without an 'OrderBy' operator. This may lead to unpredictable results. If the 'Distinct' operator is used after 'OrderBy', then make sure to use the 'OrderBy' operator after 'Distinct' as the ordering would otherwise get erased.
2026-05-18 16:23:59.833 +03:00 [WRN] No store type was specified for the decimal property 'Budget' on entity type 'Campaigns'. This will cause values to be silently truncated if they do not fit in the default precision and scale. Explicitly specify the SQL server column type that can accommodate all the values in 'OnModelCreating' using 'HasColumnType', specify precision and scale using 'HasPrecision', or configure a value converter using 'HasConversion'.
2026-05-18 16:23:59.892 +03:00 [WRN] No store type was specified for the decimal property 'DailyBudget' on entity type 'Campaigns'. This will cause values to be silently truncated if they do not fit in the default precision and scale. Explicitly specify the SQL server column type that can accommodate all the values in 'OnModelCreating' using 'HasColumnType', specify precision and scale using 'HasPrecision', or configure a value converter using 'HasConversion'.
2026-05-18 16:23:59.895 +03:00 [WRN] No store type was specified for the decimal property 'Price' on entity type 'Contract'. This will cause values to be silently truncated if they do not fit in the default precision and scale. Explicitly specify the SQL server column type that can accommodate all the values in 'OnModelCreating' using 'HasColumnType', specify precision and scale using 'HasPrecision', or configure a value converter using 'HasConversion'.
2026-05-18 16:23:59.898 +03:00 [WRN] No store type was specified for the decimal property 'Value' on entity type 'Deal'. This will cause values to be silently truncated if they do not fit in the default precision and scale. Explicitly specify the SQL server column type that can accommodate all the values in 'OnModelCreating' using 'HasColumnType', specify precision and scale using 'HasPrecision', or configure a value converter using 'HasConversion'.
2026-05-18 16:23:59.901 +03:00 [WRN] No store type was specified for the decimal property 'Discount' on entity type 'PriceQuotation'. This will cause values to be silently truncated if they do not fit in the default precision and scale. Explicitly specify the SQL server column type that can accommodate all the values in 'OnModelCreating' using 'HasColumnType', specify precision and scale using 'HasPrecision', or configure a value converter using 'HasConversion'.
2026-05-18 16:23:59.905 +03:00 [WRN] No store type was specified for the decimal property 'NetTotal' on entity type 'PriceQuotation'. This will cause values to be silently truncated if they do not fit in the default precision and scale. Explicitly specify the SQL server column type that can accommodate all the values in 'OnModelCreating' using 'HasColumnType', specify precision and scale using 'HasPrecision', or configure a value converter using 'HasConversion'.
2026-05-18 16:23:59.907 +03:00 [WRN] No store type was specified for the decimal property 'SubTotal' on entity type 'PriceQuotation'. This will cause values to be silently truncated if they do not fit in the default precision and scale. Explicitly specify the SQL server column type that can accommodate all the values in 'OnModelCreating' using 'HasColumnType', specify precision and scale using 'HasPrecision', or configure a value converter using 'HasConversion'.
2026-05-18 16:23:59.910 +03:00 [WRN] No store type was specified for the decimal property 'TotalPrice' on entity type 'PriceQuotationDetails'. This will cause values to be silently truncated if they do not fit in the default precision and scale. Explicitly specify the SQL server column type that can accommodate all the values in 'OnModelCreating' using 'HasColumnType', specify precision and scale using 'HasPrecision', or configure a value converter using 'HasConversion'.
2026-05-18 16:23:59.913 +03:00 [WRN] No store type was specified for the decimal property 'UnitPrice' on entity type 'PriceQuotationDetails'. This will cause values to be silently truncated if they do not fit in the default precision and scale. Explicitly specify the SQL server column type that can accommodate all the values in 'OnModelCreating' using 'HasColumnType', specify precision and scale using 'HasPrecision', or configure a value converter using 'HasConversion'.
2026-05-18 16:24:02.782 +03:00 [INF] Start installing Hangfire SQL objects...
2026-05-18 16:24:03.073 +03:00 [INF] Hangfire SQL objects installed.
2026-05-18 16:24:03.645 +03:00 [INF] Now listening on: http://localhost:5210
2026-05-18 16:24:03.747 +03:00 [INF] Application started. Press Ctrl+C to shut down.
2026-05-18 16:24:03.750 +03:00 [INF] Hosting environment: Development
2026-05-18 16:24:03.755 +03:00 [INF] Content root path: E:\TheOneCRM\TheOneCRM
2026-05-18 16:24:24.476 +03:00 [WRN] Failed to determine the https port for redirect.
2026-05-18 16:25:49.646 +03:00 [WRN] No store type was specified for the decimal property 'Budget' on entity type 'Campaigns'. This will cause values to be silently truncated if they do not fit in the default precision and scale. Explicitly specify the SQL server column type that can accommodate all the values in 'OnModelCreating' using 'HasColumnType', specify precision and scale using 'HasPrecision', or configure a value converter using 'HasConversion'.
2026-05-18 16:25:49.704 +03:00 [WRN] No store type was specified for the decimal property 'DailyBudget' on entity type 'Campaigns'. This will cause values to be silently truncated if they do not fit in the default precision and scale. Explicitly specify the SQL server column type that can accommodate all the values in 'OnModelCreating' using 'HasColumnType', specify precision and scale using 'HasPrecision', or configure a value converter using 'HasConversion'.
2026-05-18 16:25:49.708 +03:00 [WRN] No store type was specified for the decimal property 'Price' on entity type 'Contract'. This will cause values to be silently truncated if they do not fit in the default precision and scale. Explicitly specify the SQL server column type that can accommodate all the values in 'OnModelCreating' using 'HasColumnType', specify precision and scale using 'HasPrecision', or configure a value converter using 'HasConversion'.
2026-05-18 16:25:49.711 +03:00 [WRN] No store type was specified for the decimal property 'Value' on entity type 'Deal'. This will cause values to be silently truncated if they do not fit in the default precision and scale. Explicitly specify the SQL server column type that can accommodate all the values in 'OnModelCreating' using 'HasColumnType', specify precision and scale using 'HasPrecision', or configure a value converter using 'HasConversion'.
2026-05-18 16:25:49.713 +03:00 [WRN] No store type was specified for the decimal property 'Discount' on entity type 'PriceQuotation'. This will cause values to be silently truncated if they do not fit in the default precision and scale. Explicitly specify the SQL server column type that can accommodate all the values in 'OnModelCreating' using 'HasColumnType', specify precision and scale using 'HasPrecision', or configure a value converter using 'HasConversion'.
2026-05-18 16:25:49.716 +03:00 [WRN] No store type was specified for the decimal property 'NetTotal' on entity type 'PriceQuotation'. This will cause values to be silently truncated if they do not fit in the default precision and scale. Explicitly specify the SQL server column type that can accommodate all the values in 'OnModelCreating' using 'HasColumnType', specify precision and scale using 'HasPrecision', or configure a value converter using 'HasConversion'.
2026-05-18 16:25:49.718 +03:00 [WRN] No store type was specified for the decimal property 'SubTotal' on entity type 'PriceQuotation'. This will cause values to be silently truncated if they do not fit in the default precision and scale. Explicitly specify the SQL server column type that can accommodate all the values in 'OnModelCreating' using 'HasColumnType', specify precision and scale using 'HasPrecision', or configure a value converter using 'HasConversion'.
2026-05-18 16:25:49.722 +03:00 [WRN] No store type was specified for the decimal property 'TotalPrice' on entity type 'PriceQuotationDetails'. This will cause values to be silently truncated if they do not fit in the default precision and scale. Explicitly specify the SQL server column type that can accommodate all the values in 'OnModelCreating' using 'HasColumnType', specify precision and scale using 'HasPrecision', or configure a value converter using 'HasConversion'.
2026-05-18 16:25:49.725 +03:00 [WRN] No store type was specified for the decimal property 'UnitPrice' on entity type 'PriceQuotationDetails'. This will cause values to be silently truncated if they do not fit in the default precision and scale. Explicitly specify the SQL server column type that can accommodate all the values in 'OnModelCreating' using 'HasColumnType', specify precision and scale using 'HasPrecision', or configure a value converter using 'HasConversion'.
2026-05-18 16:25:52.618 +03:00 [INF] Start installing Hangfire SQL objects...
2026-05-18 16:25:52.909 +03:00 [INF] Hangfire SQL objects installed.
2026-05-18 16:25:53.493 +03:00 [INF] Now listening on: http://localhost:5210
2026-05-18 16:25:53.594 +03:00 [INF] Application started. Press Ctrl+C to shut down.
2026-05-18 16:25:53.610 +03:00 [INF] Hosting environment: Development
2026-05-18 16:25:53.611 +03:00 [INF] Content root path: E:\TheOneCRM\TheOneCRM
2026-05-18 16:26:15.735 +03:00 [WRN] Failed to determine the https port for redirect.
2026-05-18 16:27:58.897 +03:00 [WRN] The query uses a row limiting operator ('Skip'/'Take') without an 'OrderBy' operator. This may lead to unpredictable results. If the 'Distinct' operator is used after 'OrderBy', then make sure to use the 'OrderBy' operator after 'Distinct' as the ordering would otherwise get erased.
2026-05-18 16:27:58.900 +03:00 [WRN] The query uses a row limiting operator ('Skip'/'Take') without an 'OrderBy' operator. This may lead to unpredictable results. If the 'Distinct' operator is used after 'OrderBy', then make sure to use the 'OrderBy' operator after 'Distinct' as the ordering would otherwise get erased.
2026-05-18 16:29:02.106 +03:00 [WRN] The query uses a row limiting operator ('Skip'/'Take') without an 'OrderBy' operator. This may lead to unpredictable results. If the 'Distinct' operator is used after 'OrderBy', then make sure to use the 'OrderBy' operator after 'Distinct' as the ordering would otherwise get erased.
2026-05-18 16:29:02.108 +03:00 [WRN] The query uses a row limiting operator ('Skip'/'Take') without an 'OrderBy' operator. This may lead to unpredictable results. If the 'Distinct' operator is used after 'OrderBy', then make sure to use the 'OrderBy' operator after 'Distinct' as the ordering would otherwise get erased.
2026-05-18 16:31:06.233 +03:00 [WRN] No store type was specified for the decimal property 'Budget' on entity type 'Campaigns'. This will cause values to be silently truncated if they do not fit in the default precision and scale. Explicitly specify the SQL server column type that can accommodate all the values in 'OnModelCreating' using 'HasColumnType', specify precision and scale using 'HasPrecision', or configure a value converter using 'HasConversion'.
2026-05-18 16:31:06.287 +03:00 [WRN] No store type was specified for the decimal property 'DailyBudget' on entity type 'Campaigns'. This will cause values to be silently truncated if they do not fit in the default precision and scale. Explicitly specify the SQL server column type that can accommodate all the values in 'OnModelCreating' using 'HasColumnType', specify precision and scale using 'HasPrecision', or configure a value converter using 'HasConversion'.
2026-05-18 16:31:06.290 +03:00 [WRN] No store type was specified for the decimal property 'Price' on entity type 'Contract'. This will cause values to be silently truncated if they do not fit in the default precision and scale. Explicitly specify the SQL server column type that can accommodate all the values in 'OnModelCreating' using 'HasColumnType', specify precision and scale using 'HasPrecision', or configure a value converter using 'HasConversion'.
2026-05-18 16:31:06.292 +03:00 [WRN] No store type was specified for the decimal property 'Value' on entity type 'Deal'. This will cause values to be silently truncated if they do not fit in the default precision and scale. Explicitly specify the SQL server column type that can accommodate all the values in 'OnModelCreating' using 'HasColumnType', specify precision and scale using 'HasPrecision', or configure a value converter using 'HasConversion'.
2026-05-18 16:31:06.294 +03:00 [WRN] No store type was specified for the decimal property 'Discount' on entity type 'PriceQuotation'. This will cause values to be silently truncated if they do not fit in the default precision and scale. Explicitly specify the SQL server column type that can accommodate all the values in 'OnModelCreating' using 'HasColumnType', specify precision and scale using 'HasPrecision', or configure a value converter using 'HasConversion'.
2026-05-18 16:31:06.296 +03:00 [WRN] No store type was specified for the decimal property 'NetTotal' on entity type 'PriceQuotation'. This will cause values to be silently truncated if they do not fit in the default precision and scale. Explicitly specify the SQL server column type that can accommodate all the values in 'OnModelCreating' using 'HasColumnType', specify precision and scale using 'HasPrecision', or configure a value converter using 'HasConversion'.
2026-05-18 16:31:06.299 +03:00 [WRN] No store type was specified for the decimal property 'SubTotal' on entity type 'PriceQuotation'. This will cause values to be silently truncated if they do not fit in the default precision and scale. Explicitly specify the SQL server column type that can accommodate all the values in 'OnModelCreating' using 'HasColumnType', specify precision and scale using 'HasPrecision', or configure a value converter using 'HasConversion'.
2026-05-18 16:31:06.302 +03:00 [WRN] No store type was specified for the decimal property 'TotalPrice' on entity type 'PriceQuotationDetails'. This will cause values to be silently truncated if they do not fit in the default precision and scale. Explicitly specify the SQL server column type that can accommodate all the values in 'OnModelCreating' using 'HasColumnType', specify precision and scale using 'HasPrecision', or configure a value converter using 'HasConversion'.
2026-05-18 16:31:06.305 +03:00 [WRN] No store type was specified for the decimal property 'UnitPrice' on entity type 'PriceQuotationDetails'. This will cause values to be silently truncated if they do not fit in the default precision and scale. Explicitly specify the SQL server column type that can accommodate all the values in 'OnModelCreating' using 'HasColumnType', specify precision and scale using 'HasPrecision', or configure a value converter using 'HasConversion'.
2026-05-18 16:31:09.094 +03:00 [INF] Start installing Hangfire SQL objects...
2026-05-18 16:31:09.368 +03:00 [INF] Hangfire SQL objects installed.
2026-05-18 16:31:09.938 +03:00 [INF] Now listening on: http://localhost:5210
2026-05-18 16:31:10.030 +03:00 [INF] Application started. Press Ctrl+C to shut down.
2026-05-18 16:31:10.041 +03:00 [INF] Hosting environment: Development
2026-05-18 16:31:10.043 +03:00 [INF] Content root path: E:\TheOneCRM\TheOneCRM
2026-05-18 16:31:25.781 +03:00 [WRN] Failed to determine the https port for redirect.
2026-05-18 16:32:05.501 +03:00 [WRN] No store type was specified for the decimal property 'Budget' on entity type 'Campaigns'. This will cause values to be silently truncated if they do not fit in the default precision and scale. Explicitly specify the SQL server column type that can accommodate all the values in 'OnModelCreating' using 'HasColumnType', specify precision and scale using 'HasPrecision', or configure a value converter using 'HasConversion'.
2026-05-18 16:32:05.576 +03:00 [WRN] No store type was specified for the decimal property 'DailyBudget' on entity type 'Campaigns'. This will cause values to be silently truncated if they do not fit in the default precision and scale. Explicitly specify the SQL server column type that can accommodate all the values in 'OnModelCreating' using 'HasColumnType', specify precision and scale using 'HasPrecision', or configure a value converter using 'HasConversion'.
2026-05-18 16:32:05.579 +03:00 [WRN] No store type was specified for the decimal property 'Price' on entity type 'Contract'. This will cause values to be silently truncated if they do not fit in the default precision and scale. Explicitly specify the SQL server column type that can accommodate all the values in 'OnModelCreating' using 'HasColumnType', specify precision and scale using 'HasPrecision', or configure a value converter using 'HasConversion'.
2026-05-18 16:32:05.582 +03:00 [WRN] No store type was specified for the decimal property 'Value' on entity type 'Deal'. This will cause values to be silently truncated if they do not fit in the default precision and scale. Explicitly specify the SQL server column type that can accommodate all the values in 'OnModelCreating' using 'HasColumnType', specify precision and scale using 'HasPrecision', or configure a value converter using 'HasConversion'.
2026-05-18 16:32:05.584 +03:00 [WRN] No store type was specified for the decimal property 'Discount' on entity type 'PriceQuotation'. This will cause values to be silently truncated if they do not fit in the default precision and scale. Explicitly specify the SQL server column type that can accommodate all the values in 'OnModelCreating' using 'HasColumnType', specify precision and scale using 'HasPrecision', or configure a value converter using 'HasConversion'.
2026-05-18 16:32:05.587 +03:00 [WRN] No store type was specified for the decimal property 'NetTotal' on entity type 'PriceQuotation'. This will cause values to be silently truncated if they do not fit in the default precision and scale. Explicitly specify the SQL server column type that can accommodate all the values in 'OnModelCreating' using 'HasColumnType', specify precision and scale using 'HasPrecision', or configure a value converter using 'HasConversion'.
2026-05-18 16:32:05.591 +03:00 [WRN] No store type was specified for the decimal property 'SubTotal' on entity type 'PriceQuotation'. This will cause values to be silently truncated if they do not fit in the default precision and scale. Explicitly specify the SQL server column type that can accommodate all the values in 'OnModelCreating' using 'HasColumnType', specify precision and scale using 'HasPrecision', or configure a value converter using 'HasConversion'.
2026-05-18 16:32:05.593 +03:00 [WRN] No store type was specified for the decimal property 'TotalPrice' on entity type 'PriceQuotationDetails'. This will cause values to be silently truncated if they do not fit in the default precision and scale. Explicitly specify the SQL server column type that can accommodate all the values in 'OnModelCreating' using 'HasColumnType', specify precision and scale using 'HasPrecision', or configure a value converter using 'HasConversion'.
2026-05-18 16:32:05.596 +03:00 [WRN] No store type was specified for the decimal property 'UnitPrice' on entity type 'PriceQuotationDetails'. This will cause values to be silently truncated if they do not fit in the default precision and scale. Explicitly specify the SQL server column type that can accommodate all the values in 'OnModelCreating' using 'HasColumnType', specify precision and scale using 'HasPrecision', or configure a value converter using 'HasConversion'.
2026-05-18 16:32:08.353 +03:00 [INF] Start installing Hangfire SQL objects...
2026-05-18 16:32:08.655 +03:00 [INF] Hangfire SQL objects installed.
2026-05-18 16:32:09.152 +03:00 [INF] Now listening on: http://localhost:5210
2026-05-18 16:32:09.250 +03:00 [INF] Application started. Press Ctrl+C to shut down.
2026-05-18 16:32:09.253 +03:00 [INF] Hosting environment: Development
2026-05-18 16:32:09.256 +03:00 [INF] Content root path: E:\TheOneCRM\TheOneCRM
2026-05-18 16:32:16.015 +03:00 [WRN] Failed to determine the https port for redirect.
2026-05-18 16:32:37.364 +03:00 [WRN] No store type was specified for the decimal property 'Budget' on entity type 'Campaigns'. This will cause values to be silently truncated if they do not fit in the default precision and scale. Explicitly specify the SQL server column type that can accommodate all the values in 'OnModelCreating' using 'HasColumnType', specify precision and scale using 'HasPrecision', or configure a value converter using 'HasConversion'.
2026-05-18 16:32:37.428 +03:00 [WRN] No store type was specified for the decimal property 'DailyBudget' on entity type 'Campaigns'. This will cause values to be silently truncated if they do not fit in the default precision and scale. Explicitly specify the SQL server column type that can accommodate all the values in 'OnModelCreating' using 'HasColumnType', specify precision and scale using 'HasPrecision', or configure a value converter using 'HasConversion'.
2026-05-18 16:32:37.431 +03:00 [WRN] No store type was specified for the decimal property 'Price' on entity type 'Contract'. This will cause values to be silently truncated if they do not fit in the default precision and scale. Explicitly specify the SQL server column type that can accommodate all the values in 'OnModelCreating' using 'HasColumnType', specify precision and scale using 'HasPrecision', or configure a value converter using 'HasConversion'.
2026-05-18 16:32:37.434 +03:00 [WRN] No store type was specified for the decimal property 'Value' on entity type 'Deal'. This will cause values to be silently truncated if they do not fit in the default precision and scale. Explicitly specify the SQL server column type that can accommodate all the values in 'OnModelCreating' using 'HasColumnType', specify precision and scale using 'HasPrecision', or configure a value converter using 'HasConversion'.
2026-05-18 16:32:37.437 +03:00 [WRN] No store type was specified for the decimal property 'Discount' on entity type 'PriceQuotation'. This will cause values to be silently truncated if they do not fit in the default precision and scale. Explicitly specify the SQL server column type that can accommodate all the values in 'OnModelCreating' using 'HasColumnType', specify precision and scale using 'HasPrecision', or configure a value converter using 'HasConversion'.
2026-05-18 16:32:37.440 +03:00 [WRN] No store type was specified for the decimal property 'NetTotal' on entity type 'PriceQuotation'. This will cause values to be silently truncated if they do not fit in the default precision and scale. Explicitly specify the SQL server column type that can accommodate all the values in 'OnModelCreating' using 'HasColumnType', specify precision and scale using 'HasPrecision', or configure a value converter using 'HasConversion'.
2026-05-18 16:32:37.444 +03:00 [WRN] No store type was specified for the decimal property 'SubTotal' on entity type 'PriceQuotation'. This will cause values to be silently truncated if they do not fit in the default precision and scale. Explicitly specify the SQL server column type that can accommodate all the values in 'OnModelCreating' using 'HasColumnType', specify precision and scale using 'HasPrecision', or configure a value converter using 'HasConversion'.
2026-05-18 16:32:37.446 +03:00 [WRN] No store type was specified for the decimal property 'TotalPrice' on entity type 'PriceQuotationDetails'. This will cause values to be silently truncated if they do not fit in the default precision and scale. Explicitly specify the SQL server column type that can accommodate all the values in 'OnModelCreating' using 'HasColumnType', specify precision and scale using 'HasPrecision', or configure a value converter using 'HasConversion'.
2026-05-18 16:32:37.448 +03:00 [WRN] No store type was specified for the decimal property 'UnitPrice' on entity type 'PriceQuotationDetails'. This will cause values to be silently truncated if they do not fit in the default precision and scale. Explicitly specify the SQL server column type that can accommodate all the values in 'OnModelCreating' using 'HasColumnType', specify precision and scale using 'HasPrecision', or configure a value converter using 'HasConversion'.
2026-05-18 16:32:40.271 +03:00 [INF] Start installing Hangfire SQL objects...
2026-05-18 16:32:40.664 +03:00 [INF] Hangfire SQL objects installed.
2026-05-18 16:32:41.184 +03:00 [INF] Now listening on: http://localhost:5210
2026-05-18 16:32:41.275 +03:00 [INF] Application started. Press Ctrl+C to shut down.
2026-05-18 16:32:41.288 +03:00 [INF] Hosting environment: Development
2026-05-18 16:32:41.289 +03:00 [INF] Content root path: E:\TheOneCRM\TheOneCRM
2026-05-18 16:32:49.955 +03:00 [WRN] Failed to determine the https port for redirect.
2026-05-18 16:33:37.663 +03:00 [WRN] The query uses a row limiting operator ('Skip'/'Take') without an 'OrderBy' operator. This may lead to unpredictable results. If the 'Distinct' operator is used after 'OrderBy', then make sure to use the 'OrderBy' operator after 'Distinct' as the ordering would otherwise get erased.
2026-05-18 16:33:37.666 +03:00 [WRN] The query uses a row limiting operator ('Skip'/'Take') without an 'OrderBy' operator. This may lead to unpredictable results. If the 'Distinct' operator is used after 'OrderBy', then make sure to use the 'OrderBy' operator after 'Distinct' as the ordering would otherwise get erased.
2026-05-18 16:33:37.802 +03:00 [WRN] The query uses a row limiting operator ('Skip'/'Take') without an 'OrderBy' operator. This may lead to unpredictable results. If the 'Distinct' operator is used after 'OrderBy', then make sure to use the 'OrderBy' operator after 'Distinct' as the ordering would otherwise get erased.
2026-05-18 16:33:37.808 +03:00 [WRN] The query uses a row limiting operator ('Skip'/'Take') without an 'OrderBy' operator. This may lead to unpredictable results. If the 'Distinct' operator is used after 'OrderBy', then make sure to use the 'OrderBy' operator after 'Distinct' as the ordering would otherwise get erased.
2026-05-18 16:33:37.903 +03:00 [WRN] The query uses a row limiting operator ('Skip'/'Take') without an 'OrderBy' operator. This may lead to unpredictable results. If the 'Distinct' operator is used after 'OrderBy', then make sure to use the 'OrderBy' operator after 'Distinct' as the ordering would otherwise get erased.
2026-05-18 16:33:37.905 +03:00 [WRN] The query uses a row limiting operator ('Skip'/'Take') without an 'OrderBy' operator. This may lead to unpredictable results. If the 'Distinct' operator is used after 'OrderBy', then make sure to use the 'OrderBy' operator after 'Distinct' as the ordering would otherwise get erased.
2026-05-18 16:33:37.983 +03:00 [WRN] The query uses a row limiting operator ('Skip'/'Take') without an 'OrderBy' operator. This may lead to unpredictable results. If the 'Distinct' operator is used after 'OrderBy', then make sure to use the 'OrderBy' operator after 'Distinct' as the ordering would otherwise get erased.
2026-05-18 16:33:37.985 +03:00 [WRN] The query uses a row limiting operator ('Skip'/'Take') without an 'OrderBy' operator. This may lead to unpredictable results. If the 'Distinct' operator is used after 'OrderBy', then make sure to use the 'OrderBy' operator after 'Distinct' as the ordering would otherwise get erased.
2026-05-18 17:02:48.865 +03:00 [WRN] No store type was specified for the decimal property 'Budget' on entity type 'Campaigns'. This will cause values to be silently truncated if they do not fit in the default precision and scale. Explicitly specify the SQL server column type that can accommodate all the values in 'OnModelCreating' using 'HasColumnType', specify precision and scale using 'HasPrecision', or configure a value converter using 'HasConversion'.
2026-05-18 17:02:48.926 +03:00 [WRN] No store type was specified for the decimal property 'DailyBudget' on entity type 'Campaigns'. This will cause values to be silently truncated if they do not fit in the default precision and scale. Explicitly specify the SQL server column type that can accommodate all the values in 'OnModelCreating' using 'HasColumnType', specify precision and scale using 'HasPrecision', or configure a value converter using 'HasConversion'.
2026-05-18 17:02:48.930 +03:00 [WRN] No store type was specified for the decimal property 'Price' on entity type 'Contract'. This will cause values to be silently truncated if they do not fit in the default precision and scale. Explicitly specify the SQL server column type that can accommodate all the values in 'OnModelCreating' using 'HasColumnType', specify precision and scale using 'HasPrecision', or configure a value converter using 'HasConversion'.
2026-05-18 17:02:48.933 +03:00 [WRN] No store type was specified for the decimal property 'Value' on entity type 'Deal'. This will cause values to be silently truncated if they do not fit in the default precision and scale. Explicitly specify the SQL server column type that can accommodate all the values in 'OnModelCreating' using 'HasColumnType', specify precision and scale using 'HasPrecision', or configure a value converter using 'HasConversion'.
2026-05-18 17:02:48.935 +03:00 [WRN] No store type was specified for the decimal property 'Discount' on entity type 'PriceQuotation'. This will cause values to be silently truncated if they do not fit in the default precision and scale. Explicitly specify the SQL server column type that can accommodate all the values in 'OnModelCreating' using 'HasColumnType', specify precision and scale using 'HasPrecision', or configure a value converter using 'HasConversion'.
2026-05-18 17:02:48.937 +03:00 [WRN] No store type was specified for the decimal property 'NetTotal' on entity type 'PriceQuotation'. This will cause values to be silently truncated if they do not fit in the default precision and scale. Explicitly specify the SQL server column type that can accommodate all the values in 'OnModelCreating' using 'HasColumnType', specify precision and scale using 'HasPrecision', or configure a value converter using 'HasConversion'.
2026-05-18 17:02:48.940 +03:00 [WRN] No store type was specified for the decimal property 'SubTotal' on entity type 'PriceQuotation'. This will cause values to be silently truncated if they do not fit in the default precision and scale. Explicitly specify the SQL server column type that can accommodate all the values in 'OnModelCreating' using 'HasColumnType', specify precision and scale using 'HasPrecision', or configure a value converter using 'HasConversion'.
2026-05-18 17:02:48.942 +03:00 [WRN] No store type was specified for the decimal property 'TotalPrice' on entity type 'PriceQuotationDetails'. This will cause values to be silently truncated if they do not fit in the default precision and scale. Explicitly specify the SQL server column type that can accommodate all the values in 'OnModelCreating' using 'HasColumnType', specify precision and scale using 'HasPrecision', or configure a value converter using 'HasConversion'.
2026-05-18 17:02:48.944 +03:00 [WRN] No store type was specified for the decimal property 'UnitPrice' on entity type 'PriceQuotationDetails'. This will cause values to be silently truncated if they do not fit in the default precision and scale. Explicitly specify the SQL server column type that can accommodate all the values in 'OnModelCreating' using 'HasColumnType', specify precision and scale using 'HasPrecision', or configure a value converter using 'HasConversion'.
2026-05-18 17:02:51.813 +03:00 [INF] Start installing Hangfire SQL objects...
2026-05-18 17:02:52.114 +03:00 [INF] Hangfire SQL objects installed.
2026-05-18 17:02:52.666 +03:00 [INF] Now listening on: http://localhost:5210
2026-05-18 17:02:52.784 +03:00 [INF] Application started. Press Ctrl+C to shut down.
2026-05-18 17:02:52.853 +03:00 [INF] Hosting environment: Development
2026-05-18 17:02:52.855 +03:00 [INF] Content root path: E:\TheOneCRM\TheOneCRM
2026-05-18 17:03:09.382 +03:00 [WRN] Failed to determine the https port for redirect.
2026-05-18 17:49:33.764 +03:00 [WRN] No store type was specified for the decimal property 'Budget' on entity type 'Campaigns'. This will cause values to be silently truncated if they do not fit in the default precision and scale. Explicitly specify the SQL server column type that can accommodate all the values in 'OnModelCreating' using 'HasColumnType', specify precision and scale using 'HasPrecision', or configure a value converter using 'HasConversion'.
2026-05-18 17:49:33.839 +03:00 [WRN] No store type was specified for the decimal property 'DailyBudget' on entity type 'Campaigns'. This will cause values to be silently truncated if they do not fit in the default precision and scale. Explicitly specify the SQL server column type that can accommodate all the values in 'OnModelCreating' using 'HasColumnType', specify precision and scale using 'HasPrecision', or configure a value converter using 'HasConversion'.
2026-05-18 17:49:33.844 +03:00 [WRN] No store type was specified for the decimal property 'Price' on entity type 'Contract'. This will cause values to be silently truncated if they do not fit in the default precision and scale. Explicitly specify the SQL server column type that can accommodate all the values in 'OnModelCreating' using 'HasColumnType', specify precision and scale using 'HasPrecision', or configure a value converter using 'HasConversion'.
2026-05-18 17:49:33.847 +03:00 [WRN] No store type was specified for the decimal property 'Value' on entity type 'Deal'. This will cause values to be silently truncated if they do not fit in the default precision and scale. Explicitly specify the SQL server column type that can accommodate all the values in 'OnModelCreating' using 'HasColumnType', specify precision and scale using 'HasPrecision', or configure a value converter using 'HasConversion'.
2026-05-18 17:49:33.850 +03:00 [WRN] No store type was specified for the decimal property 'Discount' on entity type 'PriceQuotation'. This will cause values to be silently truncated if they do not fit in the default precision and scale. Explicitly specify the SQL server column type that can accommodate all the values in 'OnModelCreating' using 'HasColumnType', specify precision and scale using 'HasPrecision', or configure a value converter using 'HasConversion'.
2026-05-18 17:49:33.853 +03:00 [WRN] No store type was specified for the decimal property 'NetTotal' on entity type 'PriceQuotation'. This will cause values to be silently truncated if they do not fit in the default precision and scale. Explicitly specify the SQL server column type that can accommodate all the values in 'OnModelCreating' using 'HasColumnType', specify precision and scale using 'HasPrecision', or configure a value converter using 'HasConversion'.
2026-05-18 17:49:33.856 +03:00 [WRN] No store type was specified for the decimal property 'SubTotal' on entity type 'PriceQuotation'. This will cause values to be silently truncated if they do not fit in the default precision and scale. Explicitly specify the SQL server column type that can accommodate all the values in 'OnModelCreating' using 'HasColumnType', specify precision and scale using 'HasPrecision', or configure a value converter using 'HasConversion'.
2026-05-18 17:49:33.859 +03:00 [WRN] No store type was specified for the decimal property 'TotalPrice' on entity type 'PriceQuotationDetails'. This will cause values to be silently truncated if they do not fit in the default precision and scale. Explicitly specify the SQL server column type that can accommodate all the values in 'OnModelCreating' using 'HasColumnType', specify precision and scale using 'HasPrecision', or configure a value converter using 'HasConversion'.
2026-05-18 17:49:33.862 +03:00 [WRN] No store type was specified for the decimal property 'UnitPrice' on entity type 'PriceQuotationDetails'. This will cause values to be silently truncated if they do not fit in the default precision and scale. Explicitly specify the SQL server column type that can accommodate all the values in 'OnModelCreating' using 'HasColumnType', specify precision and scale using 'HasPrecision', or configure a value converter using 'HasConversion'.
2026-05-18 17:49:38.515 +03:00 [INF] Start installing Hangfire SQL objects...
2026-05-18 17:49:38.818 +03:00 [INF] Hangfire SQL objects installed.
2026-05-18 17:49:39.484 +03:00 [INF] Now listening on: http://localhost:5210
2026-05-18 17:49:39.566 +03:00 [INF] Application started. Press Ctrl+C to shut down.
2026-05-18 17:49:39.568 +03:00 [INF] Hosting environment: Development
2026-05-18 17:49:39.570 +03:00 [INF] Content root path: E:\TheOneCRM\TheOneCRM
2026-05-18 17:50:14.567 +03:00 [WRN] Failed to determine the https port for redirect.
2026-05-18 17:50:45.008 +03:00 [ERR] An error occurred while processing the request.
System.UnauthorizedAccessException: Invalid email or password
   at TheOneCRM.Application.Services.Auth.AuthService.LoginAsync(LoginDto dto) in E:\TheOneCRM\TheOneCRM.Application\Services\Auth\AuthService.cs:line 51
   at TheOneCRM.API.Controllers.Auth.AuthController.Login(LoginDto dto) in E:\TheOneCRM\TheOneCRM\Controllers\Auth\AuthController.cs:line 26
   at Microsoft.AspNetCore.Mvc.Infrastructure.ActionMethodExecutor.TaskOfIActionResultExecutor.Execute(ActionContext actionContext, IActionResultTypeMapper mapper, ObjectMethodExecutor executor, Object controller, Object[] arguments)
   at Microsoft.AspNetCore.Mvc.Infrastructure.ControllerActionInvoker.<InvokeActionMethodAsync>g__Awaited|12_0(ControllerActionInvoker invoker, ValueTask`1 actionResultValueTask)
   at Microsoft.AspNetCore.Mvc.Infrastructure.ControllerActionInvoker.<InvokeNextActionFilterAsync>g__Awaited|10_0(ControllerActionInvoker invoker, Task lastTask, State next, Scope scope, Object state, Boolean isCompleted)
   at Microsoft.AspNetCore.Mvc.Infrastructure.ControllerActionInvoker.Rethrow(ActionExecutedContextSealed context)
   at Microsoft.AspNetCore.Mvc.Infrastructure.ControllerActionInvoker.Next(State& next, Scope& scope, Object& state, Boolean& isCompleted)
   at Microsoft.AspNetCore.Mvc.Infrastructure.ControllerActionInvoker.<InvokeInnerFilterAsync>g__Awaited|13_0(ControllerActionInvoker invoker, Task lastTask, State next, Scope scope, Object state, Boolean isCompleted)
   at Microsoft.AspNetCore.Mvc.Infrastructure.ResourceInvoker.<InvokeFilterPipelineAsync>g__Awaited|20_0(ResourceInvoker invoker, Task lastTask, State next, Scope scope, Object state, Boolean isCompleted)
   at Microsoft.AspNetCore.Mvc.Infrastructure.ResourceInvoker.<InvokeAsync>g__Awaited|17_0(ResourceInvoker invoker, Task task, IDisposable scope)
   at Microsoft.AspNetCore.Mvc.Infrastructure.ResourceInvoker.<InvokeAsync>g__Awaited|17_0(ResourceInvoker invoker, Task task, IDisposable scope)
   at Microsoft.AspNetCore.Authorization.AuthorizationMiddleware.Invoke(HttpContext context)
   at Microsoft.AspNetCore.Authentication.AuthenticationMiddleware.Invoke(HttpContext context)
   at TheOneCRM.API.Middlewares.ExceptionMiddleware.InvokeAsync(HttpContext context) in E:\TheOneCRM\TheOneCRM\Middlewares\ExceptionMiddleware.cs:line 33
2026-05-18 17:50:54.635 +03:00 [ERR] An error occurred while processing the request.
System.UnauthorizedAccessException: Invalid email or password
   at TheOneCRM.Application.Services.Auth.AuthService.LoginAsync(LoginDto dto) in E:\TheOneCRM\TheOneCRM.Application\Services\Auth\AuthService.cs:line 51
   at TheOneCRM.API.Controllers.Auth.AuthController.Login(LoginDto dto) in E:\TheOneCRM\TheOneCRM\Controllers\Auth\AuthController.cs:line 26
   at Microsoft.AspNetCore.Mvc.Infrastructure.ActionMethodExecutor.TaskOfIActionResultExecutor.Execute(ActionContext actionContext, IActionResultTypeMapper mapper, ObjectMethodExecutor executor, Object controller, Object[] arguments)
   at Microsoft.AspNetCore.Mvc.Infrastructure.ControllerActionInvoker.<InvokeActionMethodAsync>g__Awaited|12_0(ControllerActionInvoker invoker, ValueTask`1 actionResultValueTask)
   at Microsoft.AspNetCore.Mvc.Infrastructure.ControllerActionInvoker.<InvokeNextActionFilterAsync>g__Awaited|10_0(ControllerActionInvoker invoker, Task lastTask, State next, Scope scope, Object state, Boolean isCompleted)
   at Microsoft.AspNetCore.Mvc.Infrastructure.ControllerActionInvoker.Rethrow(ActionExecutedContextSealed context)
   at Microsoft.AspNetCore.Mvc.Infrastructure.ControllerActionInvoker.Next(State& next, Scope& scope, Object& state, Boolean& isCompleted)
   at Microsoft.AspNetCore.Mvc.Infrastructure.ControllerActionInvoker.<InvokeInnerFilterAsync>g__Awaited|13_0(ControllerActionInvoker invoker, Task lastTask, State next, Scope scope, Object state, Boolean isCompleted)
   at Microsoft.AspNetCore.Mvc.Infrastructure.ResourceInvoker.<InvokeFilterPipelineAsync>g__Awaited|20_0(ResourceInvoker invoker, Task lastTask, State next, Scope scope, Object state, Boolean isCompleted)
   at Microsoft.AspNetCore.Mvc.Infrastructure.ResourceInvoker.<InvokeAsync>g__Awaited|17_0(ResourceInvoker invoker, Task task, IDisposable scope)
   at Microsoft.AspNetCore.Mvc.Infrastructure.ResourceInvoker.<InvokeAsync>g__Awaited|17_0(ResourceInvoker invoker, Task task, IDisposable scope)
   at Microsoft.AspNetCore.Authorization.AuthorizationMiddleware.Invoke(HttpContext context)
   at Microsoft.AspNetCore.Authentication.AuthenticationMiddleware.Invoke(HttpContext context)
   at TheOneCRM.API.Middlewares.ExceptionMiddleware.InvokeAsync(HttpContext context) in E:\TheOneCRM\TheOneCRM\Middlewares\ExceptionMiddleware.cs:line 33
2026-05-18 17:55:33.914 +03:00 [WRN] Compiling a query which loads related collections for more than one collection navigation, either via 'Include' or through projection, but no 'QuerySplittingBehavior' has been configured. By default, Entity Framework will use 'QuerySplittingBehavior.SingleQuery', which can potentially result in slow query performance. See https://go.microsoft.com/fwlink/?linkid=2134277 for more information. To identify the query that's triggering this warning call 'ConfigureWarnings(w => w.Throw(RelationalEventId.MultipleCollectionIncludeWarning))'.
